{
    "aspect": 1.7777777777777777,
    "avg_bframe_qp": 26.47,
    "avg_iframe_qp": 23.5,
    "avg_pframe_qp": 24.27,
    "bframes_ratio": 0.7453,
    "bitrate": 8641.92,
    "clip_genre_count": 5,
    "clip_genre_max": "music",
    "dover": 0.3370924916155932,
    "dover_res_0": -0.13729217648506165,
    "dover_res_1": 0.05100666731595993,
    "fastervqa_raw": 0.13472335040569305,
    "fastervqa_score": 0.41187583695343344,
    "fps": 23.98,
    "height": 1080.0,
    "iframes_ratio": 0.0042,
    "mean_avg_luminance": 14.689653396606445,
    "mean_avg_luminance_cc": 20.55815315246582,
    "mean_colorfulness": 10.283937454223633,
    "mean_colorfulness_cc": 10.349233627319336,
    "mean_musiq": 48.582679748535156,
    "mean_musiq_cc": 45.5461311340332,
    "mean_nima_a": 5.248892784118652,
    "mean_nima_a_cc": 5.373539924621582,
    "mean_nima_q": 4.071723461151123,
    "mean_nima_q_cc": 4.39218807220459,
    "mean_qalign_aesthetic": 2.865234375,
    "mean_qalign_aesthetic_cc": 1.681640625,
    "mean_qalign_quality": 2.79296875,
    "mean_qalign_quality_cc": 1.7841796875,
    "mean_sharpness": 18.49558448791504,
    "mean_sharpness_cc": 25.81879234313965,
    "mean_si": 82.44725799560547,
    "mean_si_cc": 93.7435302734375,
    "mean_ssim_pair": 0.6909249424934387,
    "mean_ssim_pair_first": 0.6562920808792114,
    "mean_ti": 109.16813659667969,
    "mean_ti_first": 101.32559967041016,
    "mean_vila": 0.4501270353794098,
    "mean_vila_cc": 0.3376312553882599,
    "pframes_ratio": 0.2505,
    "psnr": 42.273987,
    "ssim": 0.968217,
    "width": 1920.0
}