{
    "aspect": 1.3159722222222223,
    "avg_bframe_qp": 22.05,
    "avg_iframe_qp": 20.5,
    "avg_pframe_qp": 19.94,
    "bframes_ratio": 0.7453,
    "bitrate": 9889.62,
    "clip_genre_count": 4,
    "clip_genre_max": "unsharp",
    "dover": 0.4573847481656542,
    "dover_res_0": -0.09699224680662155,
    "dover_res_1": 0.06756623089313507,
    "fastervqa_raw": 0.06567161530256271,
    "fastervqa_score": 0.09387788237572939,
    "fps": 24.0,
    "height": 2304.0,
    "iframes_ratio": 0.0042,
    "mean_avg_luminance": 165.41183471679688,
    "mean_avg_luminance_cc": 160.30429077148438,
    "mean_colorfulness": 42.13299560546875,
    "mean_colorfulness_cc": 52.45659637451172,
    "mean_musiq": 33.503273010253906,
    "mean_musiq_cc": 49.691001892089844,
    "mean_nima_a": 5.805111885070801,
    "mean_nima_a_cc": 5.70589017868042,
    "mean_nima_q": 4.794360637664795,
    "mean_nima_q_cc": 4.912182807922363,
    "mean_qalign_aesthetic": 2.607421875,
    "mean_qalign_aesthetic_cc": 2.232421875,
    "mean_qalign_quality": 2.671875,
    "mean_qalign_quality_cc": 2.23828125,
    "mean_sharpness": 8.316658973693848,
    "mean_sharpness_cc": 18.154085159301758,
    "mean_si": 30.81606101989746,
    "mean_si_cc": 41.958065032958984,
    "mean_ssim_pair": 0.7516977190971375,
    "mean_ssim_pair_first": 0.7261141538619995,
    "mean_ti": 75.46293640136719,
    "mean_ti_first": 66.48919677734375,
    "mean_vila": 0.4086645543575287,
    "mean_vila_cc": 0.40146970748901367,
    "pframes_ratio": 0.2505,
    "psnr": 51.172715,
    "ssim": 0.997893,
    "width": 3032.0
}