{
    "aspect": 1.7777777777777777,
    "avg_bframe_qp": 23.82,
    "avg_iframe_qp": 21.5,
    "avg_pframe_qp": 22.02,
    "bframes_ratio": 0.744,
    "bitrate": 2945.22,
    "clip_genre_count": 6,
    "clip_genre_max": "unsharp",
    "dover": 0.547825490747312,
    "dover_res_0": -0.07912027090787888,
    "dover_res_1": 0.08833897858858109,
    "fastervqa_raw": 0.20349708199501038,
    "fastervqa_score": 0.8244877436118934,
    "fps": 25.0,
    "height": 720.0,
    "iframes_ratio": 0.004,
    "mean_avg_luminance": 229.2342987060547,
    "mean_avg_luminance_cc": 223.239013671875,
    "mean_colorfulness": 0.0,
    "mean_colorfulness_cc": 0.0,
    "mean_musiq": 57.5560188293457,
    "mean_musiq_cc": 55.03095626831055,
    "mean_nima_a": 5.175806045532227,
    "mean_nima_a_cc": 5.34290075302124,
    "mean_nima_q": 5.031659126281738,
    "mean_nima_q_cc": 4.969069004058838,
    "mean_qalign_aesthetic": 2.8984375,
    "mean_qalign_aesthetic_cc": 2.787109375,
    "mean_qalign_quality": 3.650390625,
    "mean_qalign_quality_cc": 2.98046875,
    "mean_sharpness": 70.9966049194336,
    "mean_sharpness_cc": 81.32640075683594,
    "mean_si": 117.89522552490234,
    "mean_si_cc": 109.197509765625,
    "mean_ssim_pair": 0.8090435266494751,
    "mean_ssim_pair_first": 0.7473510503768921,
    "mean_ti": 91.7032699584961,
    "mean_ti_first": 66.94042205810547,
    "mean_vila": 0.4477303624153137,
    "mean_vila_cc": 0.3790395259857178,
    "pframes_ratio": 0.252,
    "psnr": 42.16072,
    "ssim": 0.964788,
    "width": 1280.0
}