{
    "aspect": 1.7777777777777777,
    "avg_bframe_qp": 25.85,
    "avg_iframe_qp": 24.5,
    "avg_pframe_qp": 23.65,
    "bframes_ratio": 0.7467,
    "bitrate": 1183.66,
    "clip_genre_count": 4,
    "clip_genre_max": "unsharp",
    "dover": 0.3234180184582148,
    "dover_res_0": -0.1260855495929718,
    "dover_res_1": 0.03600802645087242,
    "fastervqa_raw": 0.09930440783500671,
    "fastervqa_score": 0.20810055880347356,
    "fps": 30.0,
    "height": 360.0,
    "iframes_ratio": 0.0033,
    "mean_avg_luminance": 37.204349517822266,
    "mean_avg_luminance_cc": 74.42927551269531,
    "mean_colorfulness": 19.101322174072266,
    "mean_colorfulness_cc": 13.211105346679688,
    "mean_musiq": 52.28777313232422,
    "mean_musiq_cc": 52.80683517456055,
    "mean_nima_a": 5.342893123626709,
    "mean_nima_a_cc": 5.287807464599609,
    "mean_nima_q": 4.837338447570801,
    "mean_nima_q_cc": 4.84656286239624,
    "mean_qalign_aesthetic": 1.9892578125,
    "mean_qalign_aesthetic_cc": 1.7783203125,
    "mean_qalign_quality": 2.599609375,
    "mean_qalign_quality_cc": 2.146484375,
    "mean_sharpness": 38.07770919799805,
    "mean_sharpness_cc": 51.0307731628418,
    "mean_si": 79.74273681640625,
    "mean_si_cc": 74.25601959228516,
    "mean_ssim_pair": 0.6207761764526367,
    "mean_ssim_pair_first": 0.49844279885292053,
    "mean_ti": 92.47709655761719,
    "mean_ti_first": 86.67652130126953,
    "mean_vila": 0.3365723490715027,
    "mean_vila_cc": 0.16575752198696136,
    "pframes_ratio": 0.25,
    "psnr": 42.161056,
    "ssim": 0.99152,
    "width": 640.0
}