{
    "aspect": 1.7777777777777777,
    "avg_bframe_qp": 26.65,
    "avg_iframe_qp": 25.0,
    "avg_pframe_qp": 23.61,
    "bframes_ratio": 0.7455,
    "bitrate": 5592.15,
    "clip_genre_count": 4,
    "clip_genre_max": "text",
    "dover": 0.4103588709006736,
    "dover_res_0": -0.12760187685489655,
    "dover_res_1": 0.07361339032649994,
    "fastervqa_raw": 0.09925350546836853,
    "fastervqa_score": 0.2078685094555562,
    "fps": 25.0,
    "height": 1080.0,
    "iframes_ratio": 0.004,
    "mean_avg_luminance": 82.71247100830078,
    "mean_avg_luminance_cc": 109.52857971191406,
    "mean_colorfulness": 120.13092041015625,
    "mean_colorfulness_cc": 125.23111724853516,
    "mean_musiq": 48.77616882324219,
    "mean_musiq_cc": 50.992733001708984,
    "mean_nima_a": 5.067078590393066,
    "mean_nima_a_cc": 5.140911102294922,
    "mean_nima_q": 4.979290008544922,
    "mean_nima_q_cc": 5.002780914306641,
    "mean_qalign_aesthetic": 2.06640625,
    "mean_qalign_aesthetic_cc": 1.8564453125,
    "mean_qalign_quality": 2.458984375,
    "mean_qalign_quality_cc": 1.966796875,
    "mean_sharpness": 112.19781494140625,
    "mean_sharpness_cc": 142.08815002441406,
    "mean_si": 82.62772369384766,
    "mean_si_cc": 99.67414855957031,
    "mean_ssim_pair": 0.5603021383285522,
    "mean_ssim_pair_first": 0.4079798758029938,
    "mean_ti": 57.90019607543945,
    "mean_ti_first": 87.90205383300781,
    "mean_vila": 0.34944745898246765,
    "mean_vila_cc": 0.3264116644859314,
    "pframes_ratio": 0.2505,
    "psnr": 38.11381,
    "ssim": 0.976039,
    "width": 1920.0
}