{
    "aspect": 1.3333333333333333,
    "avg_bframe_qp": 24.89,
    "avg_iframe_qp": 22.5,
    "avg_pframe_qp": 22.73,
    "bframes_ratio": 0.7467,
    "bitrate": 1175.73,
    "clip_genre_count": 5,
    "clip_genre_max": "animated",
    "dover": 0.37390892832364514,
    "dover_res_0": -0.11794742941856384,
    "dover_res_1": 0.05103090777993202,
    "fastervqa_raw": 0.1620883196592331,
    "fastervqa_score": 0.5989500149195548,
    "fps": 29.97,
    "height": 480.0,
    "iframes_ratio": 0.0033,
    "mean_avg_luminance": 109.68084716796875,
    "mean_avg_luminance_cc": 119.99232482910156,
    "mean_colorfulness": 138.67892456054688,
    "mean_colorfulness_cc": 139.59298706054688,
    "mean_musiq": 42.857112884521484,
    "mean_musiq_cc": 41.30398941040039,
    "mean_nima_a": 5.429225921630859,
    "mean_nima_a_cc": 5.493788719177246,
    "mean_nima_q": 4.933224201202393,
    "mean_nima_q_cc": 4.317281246185303,
    "mean_qalign_aesthetic": 2.12890625,
    "mean_qalign_aesthetic_cc": 2.025390625,
    "mean_qalign_quality": 2.806640625,
    "mean_qalign_quality_cc": 2.650390625,
    "mean_sharpness": 17.680341720581055,
    "mean_sharpness_cc": 32.33501052856445,
    "mean_si": 67.31898498535156,
    "mean_si_cc": 85.76004028320312,
    "mean_ssim_pair": 0.5332349538803101,
    "mean_ssim_pair_first": 0.3663576543331146,
    "mean_ti": 79.91778564453125,
    "mean_ti_first": 69.13741302490234,
    "mean_vila": 0.36781972646713257,
    "mean_vila_cc": 0.24725797772407532,
    "pframes_ratio": 0.25,
    "psnr": 42.533327,
    "ssim": 0.983018,
    "width": 640.0
}