{
    "aspect": 1.7777777777777777,
    "avg_bframe_qp": 20.21,
    "avg_iframe_qp": 20.0,
    "avg_pframe_qp": 19.13,
    "bframes_ratio": 0.7467,
    "bitrate": 60.23,
    "clip_genre_count": 1,
    "clip_genre_max": "unsharp",
    "dover": 0.28154120881772293,
    "dover_res_0": -0.13773539662361145,
    "dover_res_1": 0.026123737916350365,
    "fastervqa_raw": 0.14536195993423462,
    "fastervqa_score": 0.48455507623783756,
    "fps": 29.97,
    "height": 360.0,
    "iframes_ratio": 0.0033,
    "mean_avg_luminance": 195.55807495117188,
    "mean_avg_luminance_cc": 194.24754333496094,
    "mean_colorfulness": 48.583953857421875,
    "mean_colorfulness_cc": 0.0,
    "mean_musiq": 53.54156494140625,
    "mean_musiq_cc": 57.768959045410156,
    "mean_nima_a": 5.72589635848999,
    "mean_nima_a_cc": 5.80917501449585,
    "mean_nima_q": 4.441407680511475,
    "mean_nima_q_cc": 5.011194229125977,
    "mean_qalign_aesthetic": 2.103515625,
    "mean_qalign_aesthetic_cc": 1.9765625,
    "mean_qalign_quality": 3.00390625,
    "mean_qalign_quality_cc": 2.60546875,
    "mean_sharpness": 209.49166870117188,
    "mean_sharpness_cc": 119.9175033569336,
    "mean_si": 154.58096313476562,
    "mean_si_cc": 157.63558959960938,
    "mean_ssim_pair": 0.991651713848114,
    "mean_ssim_pair_first": 0.8853192329406738,
    "mean_ti": 27.520553588867188,
    "mean_ti_first": 88.86803436279297,
    "mean_vila": 0.3688008189201355,
    "mean_vila_cc": 0.44842633605003357,
    "pframes_ratio": 0.25,
    "psnr": 49.361348,
    "ssim": 0.997911,
    "width": 640.0
}