{
    "aspect": 1.5,
    "avg_bframe_qp": 21.08,
    "avg_iframe_qp": 21.5,
    "avg_pframe_qp": 19.34,
    "bframes_ratio": 0.7467,
    "bitrate": 665.36,
    "clip_genre_count": 4,
    "clip_genre_max": "animal",
    "dover": 0.46623160934628427,
    "dover_res_0": -0.07410339266061783,
    "dover_res_1": 0.052613481879234314,
    "fastervqa_raw": 0.18234431743621826,
    "fastervqa_score": 0.7234548441084585,
    "fps": 30.0,
    "height": 480.0,
    "iframes_ratio": 0.0033,
    "mean_avg_luminance": 183.83975219726562,
    "mean_avg_luminance_cc": 177.83627319335938,
    "mean_colorfulness": 18.512027740478516,
    "mean_colorfulness_cc": 20.91958999633789,
    "mean_musiq": 44.83692169189453,
    "mean_musiq_cc": 48.05088424682617,
    "mean_nima_a": 5.72056770324707,
    "mean_nima_a_cc": 5.9516143798828125,
    "mean_nima_q": 4.4511213302612305,
    "mean_nima_q_cc": 4.7133307456970215,
    "mean_qalign_aesthetic": 2.845703125,
    "mean_qalign_aesthetic_cc": 2.87109375,
    "mean_qalign_quality": 3.546875,
    "mean_qalign_quality_cc": 3.537109375,
    "mean_sharpness": 28.0897159576416,
    "mean_sharpness_cc": 7.144822597503662,
    "mean_si": 67.49125671386719,
    "mean_si_cc": 34.3602180480957,
    "mean_ssim_pair": 0.9102783203125,
    "mean_ssim_pair_first": 0.6347233653068542,
    "mean_ti": 48.50080108642578,
    "mean_ti_first": 71.66248321533203,
    "mean_vila": 0.38958317041397095,
    "mean_vila_cc": 0.28003644943237305,
    "pframes_ratio": 0.25,
    "psnr": 52.325168,
    "ssim": 0.997713,
    "width": 720.0
}