{
    "aspect": 1.7777777777777777,
    "avg_bframe_qp": 23.94,
    "avg_iframe_qp": 20.5,
    "avg_pframe_qp": 21.64,
    "bframes_ratio": 0.7458,
    "bitrate": 5932.53,
    "clip_genre_count": 4,
    "clip_genre_max": "unsharp",
    "dover": 0.3178944608655097,
    "dover_res_0": -0.1524120718240738,
    "dover_res_1": 0.05471624433994293,
    "fastervqa_raw": 0.056509461253881454,
    "fastervqa_score": 0.07441722774691324,
    "fps": 24.0,
    "height": 1080.0,
    "iframes_ratio": 0.0042,
    "mean_avg_luminance": 21.910091400146484,
    "mean_avg_luminance_cc": 38.74760055541992,
    "mean_colorfulness": 101.40227508544922,
    "mean_colorfulness_cc": 99.34764099121094,
    "mean_musiq": 28.497356414794922,
    "mean_musiq_cc": 35.789283752441406,
    "mean_nima_a": 4.983994483947754,
    "mean_nima_a_cc": 5.169561862945557,
    "mean_nima_q": 4.4344587326049805,
    "mean_nima_q_cc": 4.705697059631348,
    "mean_qalign_aesthetic": 2.513671875,
    "mean_qalign_aesthetic_cc": 1.6279296875,
    "mean_qalign_quality": 2.4296875,
    "mean_qalign_quality_cc": 1.869140625,
    "mean_sharpness": 9.817838668823242,
    "mean_sharpness_cc": 10.826461791992188,
    "mean_si": 15.7594633102417,
    "mean_si_cc": 21.527446746826172,
    "mean_ssim_pair": 0.6588699817657471,
    "mean_ssim_pair_first": 0.4098612368106842,
    "mean_ti": 90.0299301147461,
    "mean_ti_first": 77.77497863769531,
    "mean_vila": 0.3907570540904999,
    "mean_vila_cc": 0.2926919460296631,
    "pframes_ratio": 0.25,
    "psnr": 40.694865,
    "ssim": 0.938954,
    "width": 1920.0
}