{
    "aspect": 1.7777777777777777,
    "avg_bframe_qp": 22.67,
    "avg_iframe_qp": 21.5,
    "avg_pframe_qp": 20.39,
    "bframes_ratio": 0.744,
    "bitrate": 4108.28,
    "clip_genre_count": 1,
    "clip_genre_max": "unsharp",
    "dover": 0.3321370291331101,
    "dover_res_0": -0.10723227262496948,
    "dover_res_1": 0.02468477003276348,
    "fastervqa_raw": 0.1949445754289627,
    "fastervqa_score": 0.7875747602173326,
    "fps": 25.0,
    "height": 1080.0,
    "iframes_ratio": 0.004,
    "mean_avg_luminance": 137.14056396484375,
    "mean_avg_luminance_cc": 177.0016326904297,
    "mean_colorfulness": 102.989501953125,
    "mean_colorfulness_cc": 17.65339469909668,
    "mean_musiq": 63.051353454589844,
    "mean_musiq_cc": 53.702423095703125,
    "mean_nima_a": 5.65483283996582,
    "mean_nima_a_cc": 4.946530342102051,
    "mean_nima_q": 5.076345443725586,
    "mean_nima_q_cc": 5.228070259094238,
    "mean_qalign_aesthetic": 2.6640625,
    "mean_qalign_aesthetic_cc": 1.7607421875,
    "mean_qalign_quality": 2.78515625,
    "mean_qalign_quality_cc": 1.859375,
    "mean_sharpness": 296.09820556640625,
    "mean_sharpness_cc": 318.7999267578125,
    "mean_si": 101.19825744628906,
    "mean_si_cc": 68.59724426269531,
    "mean_ssim_pair": 0.9007550477981567,
    "mean_ssim_pair_first": 0.6358200311660767,
    "mean_ti": 96.5108871459961,
    "mean_ti_first": 80.61640930175781,
    "mean_vila": 0.40912285447120667,
    "mean_vila_cc": 0.42296260595321655,
    "pframes_ratio": 0.252,
    "psnr": 44.363011,
    "ssim": 0.99249,
    "width": 1920.0
}