{
    "aspect": 1.7791666666666666,
    "avg_bframe_qp": 21.92,
    "avg_iframe_qp": 21.5,
    "avg_pframe_qp": 19.74,
    "bframes_ratio": 0.7455,
    "bitrate": 975.48,
    "clip_genre_count": 7,
    "clip_genre_max": "vlog",
    "dover": 0.32882386161062976,
    "dover_res_0": -0.11188561469316483,
    "dover_res_1": 0.026975193992257118,
    "fastervqa_raw": 0.07623966038227081,
    "fastervqa_score": 0.12188331795481683,
    "fps": 25.0,
    "height": 480.0,
    "iframes_ratio": 0.004,
    "mean_avg_luminance": 115.24278259277344,
    "mean_avg_luminance_cc": 118.96867370605469,
    "mean_colorfulness": 144.8139190673828,
    "mean_colorfulness_cc": 151.86302185058594,
    "mean_musiq": 37.954254150390625,
    "mean_musiq_cc": 38.538360595703125,
    "mean_nima_a": 5.616986274719238,
    "mean_nima_a_cc": 5.755136013031006,
    "mean_nima_q": 4.511820316314697,
    "mean_nima_q_cc": 4.729072093963623,
    "mean_qalign_aesthetic": 2.185546875,
    "mean_qalign_aesthetic_cc": 1.8359375,
    "mean_qalign_quality": 2.94921875,
    "mean_qalign_quality_cc": 2.482421875,
    "mean_sharpness": 6.3227386474609375,
    "mean_sharpness_cc": 10.081896781921387,
    "mean_si": 50.04331588745117,
    "mean_si_cc": 67.25593566894531,
    "mean_ssim_pair": 0.6828147768974304,
    "mean_ssim_pair_first": 0.5484955310821533,
    "mean_ti": 81.90849304199219,
    "mean_ti_first": 70.97201538085938,
    "mean_vila": 0.36157289147377014,
    "mean_vila_cc": 0.2494097650051117,
    "pframes_ratio": 0.2505,
    "psnr": 48.33748,
    "ssim": 0.99392,
    "width": 854.0
}