{
    "aspect": 1.7777777777777777,
    "avg_bframe_qp": 30.24,
    "avg_iframe_qp": 25.0,
    "avg_pframe_qp": 27.93,
    "bframes_ratio": 0.744,
    "bitrate": 5115.21,
    "clip_genre_count": 1,
    "clip_genre_max": "music",
    "dover": 0.838412704524888,
    "dover_res_0": -0.06674351543188095,
    "dover_res_1": 0.21929176151752472,
    "fastervqa_raw": 0.19315360486507416,
    "fastervqa_score": 0.7791645166190574,
    "fps": 25.0,
    "height": 720.0,
    "iframes_ratio": 0.004,
    "mean_avg_luminance": 96.15049743652344,
    "mean_avg_luminance_cc": 110.58183288574219,
    "mean_colorfulness": 121.69834899902344,
    "mean_colorfulness_cc": 127.20207214355469,
    "mean_musiq": 41.23622512817383,
    "mean_musiq_cc": 41.662994384765625,
    "mean_nima_a": 5.264552116394043,
    "mean_nima_a_cc": 5.433135032653809,
    "mean_nima_q": 4.23463249206543,
    "mean_nima_q_cc": 4.287722110748291,
    "mean_qalign_aesthetic": 2.99609375,
    "mean_qalign_aesthetic_cc": 1.341796875,
    "mean_qalign_quality": 4.1953125,
    "mean_qalign_quality_cc": 2.388671875,
    "mean_sharpness": 46.20228576660156,
    "mean_sharpness_cc": 59.052337646484375,
    "mean_si": 106.3583755493164,
    "mean_si_cc": 122.94351959228516,
    "mean_ssim_pair": 0.49354949593544006,
    "mean_ssim_pair_first": 0.40848737955093384,
    "mean_ti": 100.92608642578125,
    "mean_ti_first": 86.6138916015625,
    "mean_vila": 0.406924307346344,
    "mean_vila_cc": 0.1894049495458603,
    "pframes_ratio": 0.252,
    "psnr": 35.997939,
    "ssim": 0.939493,
    "width": 1280.0
}