{
    "aspect": 1.7777777777777777,
    "avg_bframe_qp": 28.87,
    "avg_iframe_qp": 22.5,
    "avg_pframe_qp": 25.42,
    "bframes_ratio": 0.7455,
    "bitrate": 8775.31,
    "clip_genre_count": 2,
    "clip_genre_max": "vlog",
    "dover": 0.6099335545308516,
    "dover_res_0": -0.07380156964063644,
    "dover_res_1": 0.10877861827611923,
    "fastervqa_raw": 0.18725162744522095,
    "fastervqa_score": 0.7497858935685688,
    "fps": 25.0,
    "height": 1080.0,
    "iframes_ratio": 0.004,
    "mean_avg_luminance": 94.60709381103516,
    "mean_avg_luminance_cc": 95.51747131347656,
    "mean_colorfulness": 69.55158996582031,
    "mean_colorfulness_cc": 67.20353698730469,
    "mean_musiq": 44.25376510620117,
    "mean_musiq_cc": 49.412208557128906,
    "mean_nima_a": 5.71101713180542,
    "mean_nima_a_cc": 5.709013938903809,
    "mean_nima_q": 4.751299858093262,
    "mean_nima_q_cc": 4.693582534790039,
    "mean_qalign_aesthetic": 2.390625,
    "mean_qalign_aesthetic_cc": 1.640625,
    "mean_qalign_quality": 3.66015625,
    "mean_qalign_quality_cc": 2.68359375,
    "mean_sharpness": 77.7903060913086,
    "mean_sharpness_cc": 85.02008056640625,
    "mean_si": 93.10590362548828,
    "mean_si_cc": 97.00765228271484,
    "mean_ssim_pair": 0.4078429341316223,
    "mean_ssim_pair_first": 0.2616855502128601,
    "mean_ti": 83.70440673828125,
    "mean_ti_first": 70.33946990966797,
    "mean_vila": 0.4021320939064026,
    "mean_vila_cc": 0.3505801558494568,
    "pframes_ratio": 0.2505,
    "psnr": 37.684095,
    "ssim": 0.974456,
    "width": 1920.0
}