{
    "aspect": 1.7777777777777777,
    "avg_bframe_qp": 39.59,
    "avg_iframe_qp": 27.5,
    "avg_pframe_qp": 31.56,
    "bframes_ratio": 0.744,
    "bitrate": 11181.25,
    "clip_genre_count": 1,
    "clip_genre_max": "text",
    "dover": 0.3744765349971342,
    "dover_res_0": -0.14726421236991882,
    "dover_res_1": 0.07483416050672531,
    "fastervqa_raw": 0.13067582249641418,
    "fastervqa_score": 0.38503551856125867,
    "fps": 25.0,
    "height": 1080.0,
    "iframes_ratio": 0.004,
    "mean_avg_luminance": 235.85751342773438,
    "mean_avg_luminance_cc": 233.6361083984375,
    "mean_colorfulness": 18.130535125732422,
    "mean_colorfulness_cc": 18.595645904541016,
    "mean_musiq": 57.35706329345703,
    "mean_musiq_cc": 55.7017822265625,
    "mean_nima_a": 4.974089622497559,
    "mean_nima_a_cc": 5.138900279998779,
    "mean_nima_q": 4.8369951248168945,
    "mean_nima_q_cc": 5.158863544464111,
    "mean_qalign_aesthetic": 1.8955078125,
    "mean_qalign_aesthetic_cc": 3.33984375,
    "mean_qalign_quality": 1.203125,
    "mean_qalign_quality_cc": 3.306640625,
    "mean_sharpness": 516.8748168945312,
    "mean_sharpness_cc": 579.2279052734375,
    "mean_si": 145.0277862548828,
    "mean_si_cc": 149.22433471679688,
    "mean_ssim_pair": 0.32632380723953247,
    "mean_ssim_pair_first": 0.33035504817962646,
    "mean_ti": 98.17042541503906,
    "mean_ti_first": 93.30321502685547,
    "mean_vila": 0.44450297951698303,
    "mean_vila_cc": 0.37954193353652954,
    "pframes_ratio": 0.252,
    "psnr": 33.46039,
    "ssim": 0.970718,
    "width": 1920.0
}