{
    "aspect": 1.7777777777777777,
    "avg_bframe_qp": 32.56,
    "avg_iframe_qp": 26.0,
    "avg_pframe_qp": 29.49,
    "bframes_ratio": 0.7458,
    "bitrate": 8959.33,
    "clip_genre_count": 4,
    "clip_genre_max": "music",
    "dover": 0.27944406666023186,
    "dover_res_0": -0.1502184122800827,
    "dover_res_1": 0.035152532160282135,
    "fastervqa_raw": 0.13201144337654114,
    "fastervqa_score": 0.39382395254328856,
    "fps": 24.0,
    "height": 720.0,
    "iframes_ratio": 0.0042,
    "mean_avg_luminance": 113.14189147949219,
    "mean_avg_luminance_cc": 92.65202331542969,
    "mean_colorfulness": 152.2340545654297,
    "mean_colorfulness_cc": 143.08700561523438,
    "mean_musiq": 41.38150405883789,
    "mean_musiq_cc": 38.814674377441406,
    "mean_nima_a": 5.306540489196777,
    "mean_nima_a_cc": 5.2803168296813965,
    "mean_nima_q": 4.323581218719482,
    "mean_nima_q_cc": 4.735039234161377,
    "mean_qalign_aesthetic": 1.443359375,
    "mean_qalign_aesthetic_cc": 1.171875,
    "mean_qalign_quality": 1.083984375,
    "mean_qalign_quality_cc": 1.080078125,
    "mean_sharpness": 301.138427734375,
    "mean_sharpness_cc": 326.64385986328125,
    "mean_si": 147.0208282470703,
    "mean_si_cc": 152.45925903320312,
    "mean_ssim_pair": 0.5177488923072815,
    "mean_ssim_pair_first": 0.4495478570461273,
    "mean_ti": 99.00575256347656,
    "mean_ti_first": 77.25724029541016,
    "mean_vila": 0.3357776403427124,
    "mean_vila_cc": 0.28571146726608276,
    "pframes_ratio": 0.25,
    "psnr": 33.694813,
    "ssim": 0.940806,
    "width": 1280.0
}