{
    "aspect": 1.7777777777777777,
    "avg_bframe_qp": 23.34,
    "avg_iframe_qp": 22.0,
    "avg_pframe_qp": 21.01,
    "bframes_ratio": 0.7467,
    "bitrate": 7397.87,
    "clip_genre_count": 1,
    "clip_genre_max": "music",
    "dover": 0.31765519422568245,
    "dover_res_0": -0.15618708729743958,
    "dover_res_1": 0.057644158601760864,
    "fastervqa_raw": 0.12156721949577332,
    "fastervqa_score": 0.32732609713315314,
    "fps": 30.0,
    "height": 1080.0,
    "iframes_ratio": 0.0033,
    "mean_avg_luminance": 105.54073333740234,
    "mean_avg_luminance_cc": 90.84063720703125,
    "mean_colorfulness": 10.821296691894531,
    "mean_colorfulness_cc": 8.061027526855469,
    "mean_musiq": 37.15363311767578,
    "mean_musiq_cc": 38.972999572753906,
    "mean_nima_a": 5.865539073944092,
    "mean_nima_a_cc": 5.797105312347412,
    "mean_nima_q": 4.145691394805908,
    "mean_nima_q_cc": 4.246406555175781,
    "mean_qalign_aesthetic": 2.130859375,
    "mean_qalign_aesthetic_cc": 1.3837890625,
    "mean_qalign_quality": 2.978515625,
    "mean_qalign_quality_cc": 1.822265625,
    "mean_sharpness": 8.150529861450195,
    "mean_sharpness_cc": 3.668541431427002,
    "mean_si": 51.425254821777344,
    "mean_si_cc": 36.43987274169922,
    "mean_ssim_pair": 0.7900147438049316,
    "mean_ssim_pair_first": 0.7774865627288818,
    "mean_ti": 109.74021911621094,
    "mean_ti_first": 99.08072662353516,
    "mean_vila": 0.3227405250072479,
    "mean_vila_cc": 0.2032068520784378,
    "pframes_ratio": 0.25,
    "psnr": 47.422695,
    "ssim": 0.988414,
    "width": 1920.0
}