{
    "aspect": 1.7777777777777777,
    "avg_bframe_qp": 25.69,
    "avg_iframe_qp": 23.0,
    "avg_pframe_qp": 23.04,
    "bframes_ratio": 0.7462,
    "bitrate": 9681.85,
    "clip_genre_count": 1,
    "clip_genre_max": "music",
    "dover": 0.670903570139824,
    "dover_res_0": -0.07706592231988907,
    "dover_res_1": 0.13709649443626404,
    "fastervqa_raw": 0.1751343011856079,
    "fastervqa_score": 0.6818162980354183,
    "fps": 30.0,
    "height": 1080.0,
    "iframes_ratio": 0.0033,
    "mean_avg_luminance": 108.12872314453125,
    "mean_avg_luminance_cc": 88.35563659667969,
    "mean_colorfulness": 89.8379135131836,
    "mean_colorfulness_cc": 119.66065979003906,
    "mean_musiq": 29.547073364257812,
    "mean_musiq_cc": 47.635597229003906,
    "mean_nima_a": 5.993257999420166,
    "mean_nima_a_cc": 5.895041465759277,
    "mean_nima_q": 4.179131507873535,
    "mean_nima_q_cc": 4.140530586242676,
    "mean_qalign_aesthetic": 2.044921875,
    "mean_qalign_aesthetic_cc": 1.8408203125,
    "mean_qalign_quality": 2.638671875,
    "mean_qalign_quality_cc": 2.67578125,
    "mean_sharpness": 16.190671920776367,
    "mean_sharpness_cc": 34.831871032714844,
    "mean_si": 46.579986572265625,
    "mean_si_cc": 70.0497055053711,
    "mean_ssim_pair": 0.7507814764976501,
    "mean_ssim_pair_first": 0.7661491632461548,
    "mean_ti": 108.88108825683594,
    "mean_ti_first": 102.16938781738281,
    "mean_vila": 0.28297144174575806,
    "mean_vila_cc": 0.42555275559425354,
    "pframes_ratio": 0.2504,
    "psnr": 42.827722,
    "ssim": 0.969356,
    "width": 1920.0
}