{
    "aspect": 1.3333333333333333,
    "avg_bframe_qp": 23.16,
    "avg_iframe_qp": 21.0,
    "avg_pframe_qp": 21.59,
    "bframes_ratio": 0.7467,
    "bitrate": 705.0,
    "clip_genre_count": 2,
    "clip_genre_max": "music",
    "dover": 0.31779172844526554,
    "dover_res_0": -0.12141287326812744,
    "dover_res_1": 0.02974935807287693,
    "fastervqa_raw": 0.13003791868686676,
    "fastervqa_score": 0.3808640213851956,
    "fps": 30.0,
    "height": 360.0,
    "iframes_ratio": 0.0033,
    "mean_avg_luminance": 173.59249877929688,
    "mean_avg_luminance_cc": 176.40469360351562,
    "mean_colorfulness": 138.91845703125,
    "mean_colorfulness_cc": 123.23697662353516,
    "mean_musiq": 49.6770133972168,
    "mean_musiq_cc": 45.389095306396484,
    "mean_nima_a": 5.783895492553711,
    "mean_nima_a_cc": 5.862423419952393,
    "mean_nima_q": 4.12094259262085,
    "mean_nima_q_cc": 4.420379161834717,
    "mean_qalign_aesthetic": 1.701171875,
    "mean_qalign_aesthetic_cc": 1.75,
    "mean_qalign_quality": 2.892578125,
    "mean_qalign_quality_cc": 2.916015625,
    "mean_sharpness": 22.19883918762207,
    "mean_sharpness_cc": 17.747665405273438,
    "mean_si": 83.2141342163086,
    "mean_si_cc": 66.30811309814453,
    "mean_ssim_pair": 0.8473339080810547,
    "mean_ssim_pair_first": 0.8152915239334106,
    "mean_ti": 111.728759765625,
    "mean_ti_first": 103.14015197753906,
    "mean_vila": 0.16120687127113342,
    "mean_vila_cc": 0.10926715284585953,
    "pframes_ratio": 0.25,
    "psnr": 44.284356,
    "ssim": 0.988106,
    "width": 480.0
}