{
    "aspect": 1.7777777777777777,
    "avg_bframe_qp": 26.12,
    "avg_iframe_qp": 22.0,
    "avg_pframe_qp": 24.15,
    "bframes_ratio": 0.7467,
    "bitrate": 1017.61,
    "clip_genre_count": 3,
    "clip_genre_max": "news",
    "dover": 0.32406247732314575,
    "dover_res_0": -0.12492624670267105,
    "dover_res_1": 0.03536118194460869,
    "fastervqa_raw": 0.12201359868049622,
    "fastervqa_score": 0.33005186393710734,
    "fps": 30.0,
    "height": 360.0,
    "iframes_ratio": 0.0033,
    "mean_avg_luminance": 47.66505432128906,
    "mean_avg_luminance_cc": 55.519775390625,
    "mean_colorfulness": 160.39035034179688,
    "mean_colorfulness_cc": 149.70249938964844,
    "mean_musiq": 49.898582458496094,
    "mean_musiq_cc": 49.131324768066406,
    "mean_nima_a": 5.257721900939941,
    "mean_nima_a_cc": 5.55977725982666,
    "mean_nima_q": 4.309906482696533,
    "mean_nima_q_cc": 4.229397296905518,
    "mean_qalign_aesthetic": 2.08203125,
    "mean_qalign_aesthetic_cc": 2.083984375,
    "mean_qalign_quality": 3.4375,
    "mean_qalign_quality_cc": 3.33984375,
    "mean_sharpness": 81.75216674804688,
    "mean_sharpness_cc": 67.05833435058594,
    "mean_si": 73.78300476074219,
    "mean_si_cc": 70.66368865966797,
    "mean_ssim_pair": 0.6305400133132935,
    "mean_ssim_pair_first": 0.30955058336257935,
    "mean_ti": 95.48716735839844,
    "mean_ti_first": 79.28713989257812,
    "mean_vila": 0.2487216293811798,
    "mean_vila_cc": 0.17481037974357605,
    "pframes_ratio": 0.25,
    "psnr": 38.475956,
    "ssim": 0.963698,
    "width": 640.0
}