{
    "aspect": 1.3333333333333333,
    "avg_bframe_qp": 23.12,
    "avg_iframe_qp": 22.0,
    "avg_pframe_qp": 21.34,
    "bframes_ratio": 0.7486,
    "bitrate": 1822.59,
    "clip_genre_count": 2,
    "clip_genre_max": "computer",
    "dover": 0.6243420428171137,
    "dover_res_0": -0.11086488515138626,
    "dover_res_1": 0.14448235929012299,
    "fastervqa_raw": 0.1499546617269516,
    "fastervqa_score": 0.5163193920823619,
    "fps": 70.0,
    "height": 480.0,
    "iframes_ratio": 0.0014,
    "mean_avg_luminance": 94.96000671386719,
    "mean_avg_luminance_cc": 102.42171478271484,
    "mean_colorfulness": 118.20921325683594,
    "mean_colorfulness_cc": 118.7344741821289,
    "mean_musiq": 62.84318923950195,
    "mean_musiq_cc": 62.52117156982422,
    "mean_nima_a": 4.840045928955078,
    "mean_nima_a_cc": 4.919732570648193,
    "mean_nima_q": 4.635042667388916,
    "mean_nima_q_cc": 4.631829261779785,
    "mean_qalign_aesthetic": 2.62109375,
    "mean_qalign_aesthetic_cc": 2.451171875,
    "mean_qalign_quality": 3.412109375,
    "mean_qalign_quality_cc": 2.916015625,
    "mean_sharpness": 223.03097534179688,
    "mean_sharpness_cc": 120.65721130371094,
    "mean_si": 114.70863342285156,
    "mean_si_cc": 76.39845275878906,
    "mean_ssim_pair": 0.2251647412776947,
    "mean_ssim_pair_first": 0.26286813616752625,
    "mean_ti": 83.37483215332031,
    "mean_ti_first": 78.6794204711914,
    "mean_vila": 0.4738848805427551,
    "mean_vila_cc": 0.30854538083076477,
    "pframes_ratio": 0.25,
    "psnr": 42.526423,
    "ssim": 0.980516,
    "width": 640.0
}