{
    "aspect": 1.7777777777777777,
    "avg_bframe_qp": 32.71,
    "avg_iframe_qp": 30.5,
    "avg_pframe_qp": 29.13,
    "bframes_ratio": 0.7462,
    "bitrate": 7352.32,
    "clip_genre_count": 5,
    "clip_genre_max": "text",
    "dover": 0.5143358717983334,
    "dover_res_0": -0.10194382071495056,
    "dover_res_1": 0.09365569800138474,
    "fastervqa_raw": 0.18428555130958557,
    "fastervqa_score": 0.7340729585409903,
    "fps": 30.0,
    "height": 1080.0,
    "iframes_ratio": 0.0033,
    "mean_avg_luminance": 100.493896484375,
    "mean_avg_luminance_cc": 136.10891723632812,
    "mean_colorfulness": 20.761199951171875,
    "mean_colorfulness_cc": 37.82733917236328,
    "mean_musiq": 55.19899368286133,
    "mean_musiq_cc": 51.53400421142578,
    "mean_nima_a": 5.067595958709717,
    "mean_nima_a_cc": 5.320868492126465,
    "mean_nima_q": 4.742412567138672,
    "mean_nima_q_cc": 4.980603218078613,
    "mean_qalign_aesthetic": 2.650390625,
    "mean_qalign_aesthetic_cc": 1.982421875,
    "mean_qalign_quality": 3.5,
    "mean_qalign_quality_cc": 2.56640625,
    "mean_sharpness": 200.43988037109375,
    "mean_sharpness_cc": 165.317138671875,
    "mean_si": 141.3478546142578,
    "mean_si_cc": 135.6394805908203,
    "mean_ssim_pair": 0.5229904651641846,
    "mean_ssim_pair_first": 0.5053666830062866,
    "mean_ti": 85.39580535888672,
    "mean_ti_first": 86.46853637695312,
    "mean_vila": 0.466784805059433,
    "mean_vila_cc": 0.46269527077674866,
    "pframes_ratio": 0.2504,
    "psnr": 30.595679,
    "ssim": 0.947784,
    "width": 1920.0
}