{
    "aspect": 1.7777777777777777,
    "avg_bframe_qp": 23.68,
    "avg_iframe_qp": 20.5,
    "avg_pframe_qp": 20.88,
    "bframes_ratio": 0.7467,
    "bitrate": 8410.64,
    "clip_genre_count": 4,
    "clip_genre_max": "computer",
    "dover": 0.5296166837864127,
    "dover_res_0": -0.10806488245725632,
    "dover_res_1": 0.10450941324234009,
    "fastervqa_raw": 0.13083425164222717,
    "fastervqa_score": 0.3860741988360409,
    "fps": 29.97,
    "height": 2160.0,
    "iframes_ratio": 0.0033,
    "mean_avg_luminance": 51.22745895385742,
    "mean_avg_luminance_cc": 62.48511505126953,
    "mean_colorfulness": 61.33384323120117,
    "mean_colorfulness_cc": 62.640411376953125,
    "mean_musiq": 32.22594451904297,
    "mean_musiq_cc": 37.96321487426758,
    "mean_nima_a": 5.331635475158691,
    "mean_nima_a_cc": 5.585159778594971,
    "mean_nima_q": 4.685878753662109,
    "mean_nima_q_cc": 4.514657020568848,
    "mean_qalign_aesthetic": 2.47265625,
    "mean_qalign_aesthetic_cc": 1.609375,
    "mean_qalign_quality": 3.69921875,
    "mean_qalign_quality_cc": 2.29296875,
    "mean_sharpness": 17.16663360595703,
    "mean_sharpness_cc": 18.723678588867188,
    "mean_si": 81.32856750488281,
    "mean_si_cc": 80.35284423828125,
    "mean_ssim_pair": 0.7900614738464355,
    "mean_ssim_pair_first": 0.580382764339447,
    "mean_ti": 67.00706481933594,
    "mean_ti_first": 66.99137878417969,
    "mean_vila": 0.38956570625305176,
    "mean_vila_cc": 0.36249789595603943,
    "pframes_ratio": 0.25,
    "psnr": 45.015632,
    "ssim": 0.992276,
    "width": 3840.0
}