{
    "aspect": 1.7777777777777777,
    "avg_bframe_qp": 24.2,
    "avg_iframe_qp": 21.0,
    "avg_pframe_qp": 21.47,
    "bframes_ratio": 0.7455,
    "bitrate": 5318.74,
    "clip_genre_count": 3,
    "clip_genre_max": "computer",
    "dover": 0.513188857661603,
    "dover_res_0": -0.13945995271205902,
    "dover_res_1": 0.12337102741003036,
    "fastervqa_raw": 0.15764769911766052,
    "fastervqa_score": 0.5691050489248255,
    "fps": 25.0,
    "height": 1080.0,
    "iframes_ratio": 0.004,
    "mean_avg_luminance": 68.67533874511719,
    "mean_avg_luminance_cc": 71.03901672363281,
    "mean_colorfulness": 156.7238006591797,
    "mean_colorfulness_cc": 145.32460021972656,
    "mean_musiq": 64.46623992919922,
    "mean_musiq_cc": 68.29715728759766,
    "mean_nima_a": 5.21651554107666,
    "mean_nima_a_cc": 5.391042709350586,
    "mean_nima_q": 4.447951793670654,
    "mean_nima_q_cc": 4.392413139343262,
    "mean_qalign_aesthetic": 2.22265625,
    "mean_qalign_aesthetic_cc": 2.40234375,
    "mean_qalign_quality": 3.462890625,
    "mean_qalign_quality_cc": 3.44921875,
    "mean_sharpness": 154.54940795898438,
    "mean_sharpness_cc": 134.63424682617188,
    "mean_si": 84.87232971191406,
    "mean_si_cc": 70.49085235595703,
    "mean_ssim_pair": 0.743365466594696,
    "mean_ssim_pair_first": 0.3655559718608856,
    "mean_ti": 67.13046264648438,
    "mean_ti_first": 91.25798034667969,
    "mean_vila": 0.36633312702178955,
    "mean_vila_cc": 0.35769933462142944,
    "pframes_ratio": 0.2505,
    "psnr": 40.278737,
    "ssim": 0.975026,
    "width": 1920.0
}