{
    "aspect": 1.7777777777777777,
    "avg_bframe_qp": 34.48,
    "avg_iframe_qp": 25.0,
    "avg_pframe_qp": 28.14,
    "bframes_ratio": 0.7483,
    "bitrate": 17898.6,
    "clip_genre_count": 1,
    "clip_genre_max": "vr",
    "dover": 0.6990717459226247,
    "dover_res_0": -0.10332495719194412,
    "dover_res_1": 0.1708584576845169,
    "fastervqa_raw": 0.16090381145477295,
    "fastervqa_score": 0.5910509290457666,
    "fps": 60.0,
    "height": 1080.0,
    "iframes_ratio": 0.0017,
    "mean_avg_luminance": 56.340003967285156,
    "mean_avg_luminance_cc": 56.15351104736328,
    "mean_colorfulness": 149.24591064453125,
    "mean_colorfulness_cc": 131.33299255371094,
    "mean_musiq": 62.202552795410156,
    "mean_musiq_cc": 58.89801788330078,
    "mean_nima_a": 5.325455188751221,
    "mean_nima_a_cc": 5.309755325317383,
    "mean_nima_q": 4.908791542053223,
    "mean_nima_q_cc": 4.816202640533447,
    "mean_qalign_aesthetic": 2.388671875,
    "mean_qalign_aesthetic_cc": 2.49609375,
    "mean_qalign_quality": 3.70703125,
    "mean_qalign_quality_cc": 3.171875,
    "mean_sharpness": 118.8962173461914,
    "mean_sharpness_cc": 115.9117431640625,
    "mean_si": 70.03257751464844,
    "mean_si_cc": 58.095664978027344,
    "mean_ssim_pair": 0.35508596897125244,
    "mean_ssim_pair_first": 0.31149521470069885,
    "mean_ti": 100.59659576416016,
    "mean_ti_first": 88.79432678222656,
    "mean_vila": 0.5711063146591187,
    "mean_vila_cc": 0.5571750998497009,
    "pframes_ratio": 0.25,
    "psnr": 34.285338,
    "ssim": 0.927355,
    "width": 1920.0
}