{
    "aspect": 1.7777777777777777,
    "avg_bframe_qp": 25.01,
    "avg_iframe_qp": 22.0,
    "avg_pframe_qp": 23.18,
    "bframes_ratio": 0.7462,
    "bitrate": 3621.13,
    "clip_genre_count": 3,
    "clip_genre_max": "blocky",
    "dover": 0.6817943406510395,
    "dover_res_0": -0.07099203020334244,
    "dover_res_1": 0.13703329861164093,
    "fastervqa_raw": 0.19440671801567078,
    "fastervqa_score": 0.7850738522202606,
    "fps": 29.97,
    "height": 720.0,
    "iframes_ratio": 0.0033,
    "mean_avg_luminance": 90.15290832519531,
    "mean_avg_luminance_cc": 97.78925323486328,
    "mean_colorfulness": 82.94137573242188,
    "mean_colorfulness_cc": 60.55089569091797,
    "mean_musiq": 64.89733123779297,
    "mean_musiq_cc": 61.606773376464844,
    "mean_nima_a": 5.352389812469482,
    "mean_nima_a_cc": 5.427820682525635,
    "mean_nima_q": 4.243690490722656,
    "mean_nima_q_cc": 4.520018577575684,
    "mean_qalign_aesthetic": 2.109375,
    "mean_qalign_aesthetic_cc": 2.111328125,
    "mean_qalign_quality": 3.65234375,
    "mean_qalign_quality_cc": 3.15234375,
    "mean_sharpness": 125.34449768066406,
    "mean_sharpness_cc": 190.37246704101562,
    "mean_si": 112.01139831542969,
    "mean_si_cc": 103.05119323730469,
    "mean_ssim_pair": 0.5924983620643616,
    "mean_ssim_pair_first": 0.4316844940185547,
    "mean_ti": 86.04484558105469,
    "mean_ti_first": 77.49431610107422,
    "mean_vila": 0.32856473326683044,
    "mean_vila_cc": 0.2688336968421936,
    "pframes_ratio": 0.2504,
    "psnr": 42.440658,
    "ssim": 0.981864,
    "width": 1280.0
}