{
    "aspect": 1.7777777777777777,
    "avg_bframe_qp": 20.93,
    "avg_iframe_qp": 20.5,
    "avg_pframe_qp": 18.96,
    "bframes_ratio": 0.7481,
    "bitrate": 4109.43,
    "clip_genre_count": 3,
    "clip_genre_max": "computer",
    "dover": 0.43257370855754307,
    "dover_res_0": -0.14311948418617249,
    "dover_res_1": 0.09491540491580963,
    "fastervqa_raw": 0.15908028185367584,
    "fastervqa_score": 0.5787993459391274,
    "fps": 60.0,
    "height": 1080.0,
    "iframes_ratio": 0.0017,
    "mean_avg_luminance": 10.007110595703125,
    "mean_avg_luminance_cc": 12.339174270629883,
    "mean_colorfulness": 97.88677215576172,
    "mean_colorfulness_cc": 138.17030334472656,
    "mean_musiq": 44.50828170776367,
    "mean_musiq_cc": 36.673431396484375,
    "mean_nima_a": 5.461772918701172,
    "mean_nima_a_cc": 5.349815845489502,
    "mean_nima_q": 4.921647071838379,
    "mean_nima_q_cc": 4.98076868057251,
    "mean_qalign_aesthetic": 2.39453125,
    "mean_qalign_aesthetic_cc": 1.7080078125,
    "mean_qalign_quality": 2.990234375,
    "mean_qalign_quality_cc": 1.666015625,
    "mean_sharpness": 26.09861183166504,
    "mean_sharpness_cc": 1.773151159286499,
    "mean_si": 62.53797149658203,
    "mean_si_cc": 14.610539436340332,
    "mean_ssim_pair": 0.9099557995796204,
    "mean_ssim_pair_first": 0.809018611907959,
    "mean_ti": 104.32319641113281,
    "mean_ti_first": 92.46510314941406,
    "mean_vila": 0.4384046494960785,
    "mean_vila_cc": 0.38859665393829346,
    "pframes_ratio": 0.2502,
    "psnr": 50.219425,
    "ssim": 0.986926,
    "width": 1920.0
}