{
    "aspect": 1.5,
    "avg_bframe_qp": 32.33,
    "avg_iframe_qp": 26.0,
    "avg_pframe_qp": 30.13,
    "bframes_ratio": 0.7462,
    "bitrate": 2784.68,
    "clip_genre_count": 3,
    "clip_genre_max": "computer",
    "dover": 0.25367652331394414,
    "dover_res_0": -0.15973588824272156,
    "dover_res_1": 0.030028991401195526,
    "fastervqa_raw": 0.12335803359746933,
    "fastervqa_score": 0.33833024248992205,
    "fps": 29.97,
    "height": 480.0,
    "iframes_ratio": 0.0033,
    "mean_avg_luminance": 65.46212005615234,
    "mean_avg_luminance_cc": 69.0014877319336,
    "mean_colorfulness": 134.350341796875,
    "mean_colorfulness_cc": 138.06324768066406,
    "mean_musiq": 35.167869567871094,
    "mean_musiq_cc": 31.096607208251953,
    "mean_nima_a": 5.315673351287842,
    "mean_nima_a_cc": 5.452768802642822,
    "mean_nima_q": 4.327138423919678,
    "mean_nima_q_cc": 4.3494977951049805,
    "mean_qalign_aesthetic": 1.6455078125,
    "mean_qalign_aesthetic_cc": 1.3935546875,
    "mean_qalign_quality": 2.427734375,
    "mean_qalign_quality_cc": 1.919921875,
    "mean_sharpness": 241.1041259765625,
    "mean_sharpness_cc": 199.22036743164062,
    "mean_si": 64.16451263427734,
    "mean_si_cc": 48.79346466064453,
    "mean_ssim_pair": 0.27049991488456726,
    "mean_ssim_pair_first": 0.2626284658908844,
    "mean_ti": 89.25125122070312,
    "mean_ti_first": 81.1255874633789,
    "mean_vila": 0.244898721575737,
    "mean_vila_cc": 0.23233146965503693,
    "pframes_ratio": 0.2504,
    "psnr": 35.07036,
    "ssim": 0.916518,
    "width": 720.0
}