{
    "aspect": 1.5,
    "avg_bframe_qp": 32.9,
    "avg_iframe_qp": 26.0,
    "avg_pframe_qp": 30.41,
    "bframes_ratio": 0.7462,
    "bitrate": 3394.73,
    "clip_genre_count": 1,
    "clip_genre_max": "computer",
    "dover": 0.3638589384587228,
    "dover_res_0": -0.151009202003479,
    "dover_res_1": 0.0734281837940216,
    "fastervqa_raw": 0.09211123734712601,
    "fastervqa_score": 0.17719339189768665,
    "fps": 29.97,
    "height": 480.0,
    "iframes_ratio": 0.0033,
    "mean_avg_luminance": 117.91740417480469,
    "mean_avg_luminance_cc": 154.34727478027344,
    "mean_colorfulness": 151.21737670898438,
    "mean_colorfulness_cc": 131.69769287109375,
    "mean_musiq": 50.826934814453125,
    "mean_musiq_cc": 47.153987884521484,
    "mean_nima_a": 5.131376266479492,
    "mean_nima_a_cc": 5.280788898468018,
    "mean_nima_q": 4.697493553161621,
    "mean_nima_q_cc": 4.725580215454102,
    "mean_qalign_aesthetic": 1.7685546875,
    "mean_qalign_aesthetic_cc": 1.6357421875,
    "mean_qalign_quality": 2.626953125,
    "mean_qalign_quality_cc": 2.3359375,
    "mean_sharpness": 163.18435668945312,
    "mean_sharpness_cc": 212.3763427734375,
    "mean_si": 97.87361145019531,
    "mean_si_cc": 96.19990539550781,
    "mean_ssim_pair": 0.35489705204963684,
    "mean_ssim_pair_first": 0.3230934739112854,
    "mean_ti": 91.76353454589844,
    "mean_ti_first": 84.0524673461914,
    "mean_vila": 0.31611210107803345,
    "mean_vila_cc": 0.19525137543678284,
    "pframes_ratio": 0.2504,
    "psnr": 33.441793,
    "ssim": 0.933722,
    "width": 720.0
}