{
    "aspect": 1.7777777777777777,
    "avg_bframe_qp": 25.45,
    "avg_iframe_qp": 21.0,
    "avg_pframe_qp": 23.51,
    "bframes_ratio": 0.7462,
    "bitrate": 4379.21,
    "clip_genre_count": 3,
    "clip_genre_max": "news",
    "dover": 0.591073787322354,
    "dover_res_0": -0.0943385511636734,
    "dover_res_1": 0.11767231673002243,
    "fastervqa_raw": 0.1412559598684311,
    "fastervqa_score": 0.45625455613137245,
    "fps": 30.0,
    "height": 720.0,
    "iframes_ratio": 0.0033,
    "mean_avg_luminance": 72.37152099609375,
    "mean_avg_luminance_cc": 73.65159606933594,
    "mean_colorfulness": 101.33568572998047,
    "mean_colorfulness_cc": 83.58238220214844,
    "mean_musiq": 44.15525436401367,
    "mean_musiq_cc": 40.93400955200195,
    "mean_nima_a": 5.318162441253662,
    "mean_nima_a_cc": 5.576508522033691,
    "mean_nima_q": 4.379298210144043,
    "mean_nima_q_cc": 4.407270431518555,
    "mean_qalign_aesthetic": 2.46484375,
    "mean_qalign_aesthetic_cc": 1.7451171875,
    "mean_qalign_quality": 3.380859375,
    "mean_qalign_quality_cc": 2.556640625,
    "mean_sharpness": 23.805543899536133,
    "mean_sharpness_cc": 30.762975692749023,
    "mean_si": 65.50951385498047,
    "mean_si_cc": 69.87980651855469,
    "mean_ssim_pair": 0.5743557810783386,
    "mean_ssim_pair_first": 0.5057030320167542,
    "mean_ti": 98.7124252319336,
    "mean_ti_first": 88.13093566894531,
    "mean_vila": 0.3954640030860901,
    "mean_vila_cc": 0.260812371969223,
    "pframes_ratio": 0.2504,
    "psnr": 42.054885,
    "ssim": 0.980109,
    "width": 1280.0
}