{
    "aspect": 1.3333333333333333,
    "avg_bframe_qp": 27.26,
    "avg_iframe_qp": 20.5,
    "avg_pframe_qp": 25.09,
    "bframes_ratio": 0.7467,
    "bitrate": 1525.43,
    "clip_genre_count": 4,
    "clip_genre_max": "computer",
    "dover": 0.4270615763986827,
    "dover_res_0": -0.09720833599567413,
    "dover_res_1": 0.055827587842941284,
    "fastervqa_raw": 0.07066673785448074,
    "fastervqa_score": 0.10631543393809013,
    "fps": 29.97,
    "height": 480.0,
    "iframes_ratio": 0.0033,
    "mean_avg_luminance": 28.231521606445312,
    "mean_avg_luminance_cc": 30.78428077697754,
    "mean_colorfulness": 131.44277954101562,
    "mean_colorfulness_cc": 107.0081787109375,
    "mean_musiq": 50.02906036376953,
    "mean_musiq_cc": 47.53236770629883,
    "mean_nima_a": 5.0168561935424805,
    "mean_nima_a_cc": 5.143294811248779,
    "mean_nima_q": 4.537625312805176,
    "mean_nima_q_cc": 4.686524868011475,
    "mean_qalign_aesthetic": 2.07421875,
    "mean_qalign_aesthetic_cc": 1.9501953125,
    "mean_qalign_quality": 2.71484375,
    "mean_qalign_quality_cc": 2.681640625,
    "mean_sharpness": 17.63235092163086,
    "mean_sharpness_cc": 11.199895858764648,
    "mean_si": 43.788673400878906,
    "mean_si_cc": 31.840978622436523,
    "mean_ssim_pair": 0.46235984563827515,
    "mean_ssim_pair_first": 0.36843666434288025,
    "mean_ti": 85.745849609375,
    "mean_ti_first": 82.85631561279297,
    "mean_vila": 0.31061795353889465,
    "mean_vila_cc": 0.20049622654914856,
    "pframes_ratio": 0.25,
    "psnr": 39.462119,
    "ssim": 0.955621,
    "width": 640.0
}