{
    "aspect": 1.7777777777777777,
    "avg_bframe_qp": 22.13,
    "avg_iframe_qp": 20.5,
    "avg_pframe_qp": 19.72,
    "bframes_ratio": 0.7481,
    "bitrate": 24287.86,
    "clip_genre_count": 2,
    "clip_genre_max": "news",
    "dover": 0.4591594836863204,
    "dover_res_0": -0.1109730675816536,
    "dover_res_1": 0.07949823141098022,
    "fastervqa_raw": 0.15657424926757812,
    "fastervqa_score": 0.5618057055700966,
    "fps": 60.0,
    "height": 2160.0,
    "iframes_ratio": 0.0017,
    "mean_avg_luminance": 18.57994270324707,
    "mean_avg_luminance_cc": 19.421470642089844,
    "mean_colorfulness": 161.9114227294922,
    "mean_colorfulness_cc": 161.0363006591797,
    "mean_musiq": 22.656692504882812,
    "mean_musiq_cc": 36.48531723022461,
    "mean_nima_a": 5.2909345626831055,
    "mean_nima_a_cc": 5.459540367126465,
    "mean_nima_q": 4.7509260177612305,
    "mean_nima_q_cc": 4.640543460845947,
    "mean_qalign_aesthetic": 2.44140625,
    "mean_qalign_aesthetic_cc": 1.59375,
    "mean_qalign_quality": 2.953125,
    "mean_qalign_quality_cc": 1.8203125,
    "mean_sharpness": 1.7305524349212646,
    "mean_sharpness_cc": 1.4172332286834717,
    "mean_si": 22.824974060058594,
    "mean_si_cc": 17.120197296142578,
    "mean_ssim_pair": 0.7668986916542053,
    "mean_ssim_pair_first": 0.7667540311813354,
    "mean_ti": 109.00602722167969,
    "mean_ti_first": 105.84747314453125,
    "mean_vila": 0.41678285598754883,
    "mean_vila_cc": 0.383550226688385,
    "pframes_ratio": 0.2502,
    "psnr": 48.594971,
    "ssim": 0.990075,
    "width": 3840.0
}