{
    "aspect": 1.8962962962962964,
    "avg_bframe_qp": 26.51,
    "avg_iframe_qp": 22.5,
    "avg_pframe_qp": 22.57,
    "bframes_ratio": 0.744,
    "bitrate": 22185.09,
    "clip_genre_count": 1,
    "clip_genre_max": "computer",
    "dover": 0.38780041682901495,
    "dover_res_0": -0.1346796452999115,
    "dover_res_1": 0.0701894462108612,
    "fastervqa_raw": 0.08128881454467773,
    "fastervqa_score": 0.13764570727290582,
    "fps": 25.0,
    "height": 2160.0,
    "iframes_ratio": 0.004,
    "mean_avg_luminance": 54.89177703857422,
    "mean_avg_luminance_cc": 66.13191223144531,
    "mean_colorfulness": 132.0321807861328,
    "mean_colorfulness_cc": 100.23592376708984,
    "mean_musiq": 25.480688095092773,
    "mean_musiq_cc": 30.362375259399414,
    "mean_nima_a": 5.106847763061523,
    "mean_nima_a_cc": 5.421658039093018,
    "mean_nima_q": 4.386715412139893,
    "mean_nima_q_cc": 4.751157283782959,
    "mean_qalign_aesthetic": 2.38671875,
    "mean_qalign_aesthetic_cc": 1.3486328125,
    "mean_qalign_quality": 3.22265625,
    "mean_qalign_quality_cc": 1.560546875,
    "mean_sharpness": 5.709814548492432,
    "mean_sharpness_cc": 3.853325605392456,
    "mean_si": 45.03663635253906,
    "mean_si_cc": 37.506370544433594,
    "mean_ssim_pair": 0.5687562227249146,
    "mean_ssim_pair_first": 0.5133468508720398,
    "mean_ti": 101.15782165527344,
    "mean_ti_first": 76.64070129394531,
    "mean_vila": 0.3808077275753021,
    "mean_vila_cc": 0.3855501711368561,
    "pframes_ratio": 0.252,
    "psnr": 44.816993,
    "ssim": 0.983141,
    "width": 4096.0
}