{
    "aspect": 1.7666666666666666,
    "avg_bframe_qp": 33.02,
    "avg_iframe_qp": 26.0,
    "avg_pframe_qp": 30.07,
    "bframes_ratio": 0.7467,
    "bitrate": 6578.68,
    "clip_genre_count": 4,
    "clip_genre_max": "computer",
    "dover": 0.5346909621511781,
    "dover_res_0": -0.0936015173792839,
    "dover_res_1": 0.09485630691051483,
    "fastervqa_raw": 0.17247118055820465,
    "fastervqa_score": 0.665617846057092,
    "fps": 30.0,
    "height": 480.0,
    "iframes_ratio": 0.0033,
    "mean_avg_luminance": 105.5797119140625,
    "mean_avg_luminance_cc": 113.38761138916016,
    "mean_colorfulness": 111.1061019897461,
    "mean_colorfulness_cc": 102.39987182617188,
    "mean_musiq": 65.0321044921875,
    "mean_musiq_cc": 64.14058685302734,
    "mean_nima_a": 5.54771614074707,
    "mean_nima_a_cc": 5.4608235359191895,
    "mean_nima_q": 4.528544902801514,
    "mean_nima_q_cc": 4.568800926208496,
    "mean_qalign_aesthetic": 3.06640625,
    "mean_qalign_aesthetic_cc": 2.90234375,
    "mean_qalign_quality": 4.0234375,
    "mean_qalign_quality_cc": 3.80078125,
    "mean_sharpness": 284.66571044921875,
    "mean_sharpness_cc": 329.35870361328125,
    "mean_si": 136.9099884033203,
    "mean_si_cc": 135.16357421875,
    "mean_ssim_pair": 0.19223326444625854,
    "mean_ssim_pair_first": 0.22087809443473816,
    "mean_ti": 80.78985595703125,
    "mean_ti_first": 76.49488067626953,
    "mean_vila": 0.4956977963447571,
    "mean_vila_cc": 0.32356029748916626,
    "pframes_ratio": 0.25,
    "psnr": 31.757499,
    "ssim": 0.918182,
    "width": 848.0
}