{
    "aspect": 1.7777777777777777,
    "avg_bframe_qp": 23.73,
    "avg_iframe_qp": 21.5,
    "avg_pframe_qp": 21.23,
    "bframes_ratio": 0.7467,
    "bitrate": 5265.23,
    "clip_genre_count": 2,
    "clip_genre_max": "news",
    "dover": 0.6661988986639716,
    "dover_res_0": -0.07007882744073868,
    "dover_res_1": 0.12942272424697876,
    "fastervqa_raw": 0.17469137907028198,
    "fastervqa_score": 0.679151195662752,
    "fps": 29.97,
    "height": 1080.0,
    "iframes_ratio": 0.0033,
    "mean_avg_luminance": 107.28178405761719,
    "mean_avg_luminance_cc": 100.72200012207031,
    "mean_colorfulness": 162.59190368652344,
    "mean_colorfulness_cc": 154.24624633789062,
    "mean_musiq": 55.5813102722168,
    "mean_musiq_cc": 57.49748611450195,
    "mean_nima_a": 5.184725761413574,
    "mean_nima_a_cc": 5.2263689041137695,
    "mean_nima_q": 5.25198221206665,
    "mean_nima_q_cc": 4.502841949462891,
    "mean_qalign_aesthetic": 2.626953125,
    "mean_qalign_aesthetic_cc": 2.607421875,
    "mean_qalign_quality": 3.802734375,
    "mean_qalign_quality_cc": 3.36328125,
    "mean_sharpness": 202.79673767089844,
    "mean_sharpness_cc": 196.7110595703125,
    "mean_si": 130.7500457763672,
    "mean_si_cc": 115.4552993774414,
    "mean_ssim_pair": 0.7934753894805908,
    "mean_ssim_pair_first": 0.796417236328125,
    "mean_ti": 100.15010070800781,
    "mean_ti_first": 96.56598663330078,
    "mean_vila": 0.37186843156814575,
    "mean_vila_cc": 0.3926142156124115,
    "pframes_ratio": 0.25,
    "psnr": 42.034357,
    "ssim": 0.982939,
    "width": 1920.0
}