{
    "aspect": 1.7777777777777777,
    "avg_bframe_qp": 23.78,
    "avg_iframe_qp": 21.5,
    "avg_pframe_qp": 20.44,
    "bframes_ratio": 0.7467,
    "bitrate": 18166.14,
    "clip_genre_count": 3,
    "clip_genre_max": "news",
    "dover": 0.7927457215325256,
    "dover_res_0": -0.03195269778370857,
    "dover_res_1": 0.1617865115404129,
    "fastervqa_raw": 0.21295909583568573,
    "fastervqa_score": 0.8592299231596994,
    "fps": 29.97,
    "height": 2160.0,
    "iframes_ratio": 0.0033,
    "mean_avg_luminance": 47.1473503112793,
    "mean_avg_luminance_cc": 47.53300476074219,
    "mean_colorfulness": 81.61708068847656,
    "mean_colorfulness_cc": 42.76439666748047,
    "mean_musiq": 56.51683807373047,
    "mean_musiq_cc": 60.435646057128906,
    "mean_nima_a": 5.139443397521973,
    "mean_nima_a_cc": 5.385696887969971,
    "mean_nima_q": 4.789046287536621,
    "mean_nima_q_cc": 5.082624912261963,
    "mean_qalign_aesthetic": 2.900390625,
    "mean_qalign_aesthetic_cc": 2.1328125,
    "mean_qalign_quality": 4.2421875,
    "mean_qalign_quality_cc": 3.44921875,
    "mean_sharpness": 31.871501922607422,
    "mean_sharpness_cc": 37.109107971191406,
    "mean_si": 66.78697204589844,
    "mean_si_cc": 58.499977111816406,
    "mean_ssim_pair": 0.8277292251586914,
    "mean_ssim_pair_first": 0.6621888875961304,
    "mean_ti": 109.7024154663086,
    "mean_ti_first": 99.72789001464844,
    "mean_vila": 0.31522518396377563,
    "mean_vila_cc": 0.43596044182777405,
    "pframes_ratio": 0.25,
    "psnr": 45.224812,
    "ssim": 0.983622,
    "width": 3840.0
}