{
    "aspect": 1.7777777777777777,
    "avg_bframe_qp": 21.59,
    "avg_iframe_qp": 19.5,
    "avg_pframe_qp": 19.73,
    "bframes_ratio": 0.7467,
    "bitrate": 668.15,
    "clip_genre_count": 7,
    "clip_genre_max": "text",
    "dover": 0.4555281753317069,
    "dover_res_0": -0.10175652801990509,
    "dover_res_1": 0.07067147642374039,
    "fastervqa_raw": 0.17788778245449066,
    "fastervqa_score": 0.6981138465289713,
    "fps": 30.0,
    "height": 360.0,
    "iframes_ratio": 0.0033,
    "mean_avg_luminance": 180.69464111328125,
    "mean_avg_luminance_cc": 187.53250122070312,
    "mean_colorfulness": 116.93586730957031,
    "mean_colorfulness_cc": 151.6710205078125,
    "mean_musiq": 46.975372314453125,
    "mean_musiq_cc": 42.42455291748047,
    "mean_nima_a": 5.863807678222656,
    "mean_nima_a_cc": 5.7520270347595215,
    "mean_nima_q": 4.575414657592773,
    "mean_nima_q_cc": 4.50095272064209,
    "mean_qalign_aesthetic": 1.7529296875,
    "mean_qalign_aesthetic_cc": 1.677734375,
    "mean_qalign_quality": 3.138671875,
    "mean_qalign_quality_cc": 3.05859375,
    "mean_sharpness": 23.64450454711914,
    "mean_sharpness_cc": 46.72316360473633,
    "mean_si": 61.07341384887695,
    "mean_si_cc": 64.12516784667969,
    "mean_ssim_pair": 0.7101271748542786,
    "mean_ssim_pair_first": 0.6973350644111633,
    "mean_ti": 99.95362854003906,
    "mean_ti_first": 71.63737487792969,
    "mean_vila": 0.22572007775306702,
    "mean_vila_cc": 0.13856449723243713,
    "pframes_ratio": 0.25,
    "psnr": 46.929511,
    "ssim": 0.990986,
    "width": 640.0
}