{
    "aspect": 1.7777777777777777,
    "avg_bframe_qp": 32.63,
    "avg_iframe_qp": 26.0,
    "avg_pframe_qp": 29.83,
    "bframes_ratio": 0.7455,
    "bitrate": 6965.21,
    "clip_genre_count": 2,
    "clip_genre_max": "text",
    "dover": 0.3715434365448691,
    "dover_res_0": -0.12781500816345215,
    "dover_res_1": 0.05798361450433731,
    "fastervqa_raw": 0.0817808210849762,
    "fastervqa_score": 0.13926990265739486,
    "fps": 25.0,
    "height": 720.0,
    "iframes_ratio": 0.004,
    "mean_avg_luminance": 108.0270004272461,
    "mean_avg_luminance_cc": 128.96502685546875,
    "mean_colorfulness": 87.47746276855469,
    "mean_colorfulness_cc": 80.93754577636719,
    "mean_musiq": 53.67005157470703,
    "mean_musiq_cc": 45.920814514160156,
    "mean_nima_a": 4.610479354858398,
    "mean_nima_a_cc": 4.667120933532715,
    "mean_nima_q": 4.9486284255981445,
    "mean_nima_q_cc": 4.530323505401611,
    "mean_qalign_aesthetic": 1.4736328125,
    "mean_qalign_aesthetic_cc": 1.484375,
    "mean_qalign_quality": 2.46875,
    "mean_qalign_quality_cc": 2.2265625,
    "mean_sharpness": 609.7786254882812,
    "mean_sharpness_cc": 1134.8951416015625,
    "mean_si": 106.3907699584961,
    "mean_si_cc": 116.7761001586914,
    "mean_ssim_pair": 0.15857496857643127,
    "mean_ssim_pair_first": 0.132832869887352,
    "mean_ti": 93.57124328613281,
    "mean_ti_first": 81.44137573242188,
    "mean_vila": 0.21918368339538574,
    "mean_vila_cc": 0.19699402153491974,
    "pframes_ratio": 0.2505,
    "psnr": 32.575449,
    "ssim": 0.952488,
    "width": 1280.0
}