{
    "aspect": 1.7777777777777777,
    "avg_bframe_qp": 25.97,
    "avg_iframe_qp": 21.0,
    "avg_pframe_qp": 23.21,
    "bframes_ratio": 0.7458,
    "bitrate": 7236.47,
    "clip_genre_count": 1,
    "clip_genre_max": "computer",
    "dover": 0.5829029067612924,
    "dover_res_0": -0.1020587608218193,
    "dover_res_1": 0.12061386555433273,
    "fastervqa_raw": 0.17562925815582275,
    "fastervqa_score": 0.6847804703413604,
    "fps": 31.14,
    "height": 1080.0,
    "iframes_ratio": 0.0034,
    "mean_avg_luminance": 80.90339660644531,
    "mean_avg_luminance_cc": 92.499267578125,
    "mean_colorfulness": 156.73226928710938,
    "mean_colorfulness_cc": 156.3457794189453,
    "mean_musiq": 59.876060485839844,
    "mean_musiq_cc": 51.498931884765625,
    "mean_nima_a": 5.5085296630859375,
    "mean_nima_a_cc": 5.535196304321289,
    "mean_nima_q": 4.1196370124816895,
    "mean_nima_q_cc": 4.586725234985352,
    "mean_qalign_aesthetic": 2.22265625,
    "mean_qalign_aesthetic_cc": 1.7001953125,
    "mean_qalign_quality": 3.44921875,
    "mean_qalign_quality_cc": 2.04296875,
    "mean_sharpness": 202.81065368652344,
    "mean_sharpness_cc": 70.64800262451172,
    "mean_si": 103.47896575927734,
    "mean_si_cc": 69.66826629638672,
    "mean_ssim_pair": 0.7583017349243164,
    "mean_ssim_pair_first": 0.5433520674705505,
    "mean_ti": 87.3130111694336,
    "mean_ti_first": 70.90325927734375,
    "mean_vila": 0.32006317377090454,
    "mean_vila_cc": 0.32604295015335083,
    "pframes_ratio": 0.2508,
    "psnr": 39.261907,
    "ssim": 0.972685,
    "width": 1920.0
}