{
    "aspect": 1.7777777777777777,
    "avg_bframe_qp": 23.03,
    "avg_iframe_qp": 20.5,
    "avg_pframe_qp": 20.94,
    "bframes_ratio": 0.744,
    "bitrate": 5291.36,
    "clip_genre_count": 3,
    "clip_genre_max": "unsharp",
    "dover": 0.798406794239634,
    "dover_res_0": -0.058315210044384,
    "dover_res_1": 0.1863519847393036,
    "fastervqa_raw": 0.18807919323444366,
    "fastervqa_score": 0.7540579112083223,
    "fps": 25.0,
    "height": 1080.0,
    "iframes_ratio": 0.004,
    "mean_avg_luminance": 162.5533447265625,
    "mean_avg_luminance_cc": 168.24781799316406,
    "mean_colorfulness": 102.60477447509766,
    "mean_colorfulness_cc": 101.79519653320312,
    "mean_musiq": 59.10786819458008,
    "mean_musiq_cc": 50.81650924682617,
    "mean_nima_a": 5.661255836486816,
    "mean_nima_a_cc": 5.356328010559082,
    "mean_nima_q": 4.574348449707031,
    "mean_nima_q_cc": 4.726605415344238,
    "mean_qalign_aesthetic": 2.873046875,
    "mean_qalign_aesthetic_cc": 2.19921875,
    "mean_qalign_quality": 3.92578125,
    "mean_qalign_quality_cc": 3.197265625,
    "mean_sharpness": 18.803436279296875,
    "mean_sharpness_cc": 23.599870681762695,
    "mean_si": 46.52596664428711,
    "mean_si_cc": 49.33434295654297,
    "mean_ssim_pair": 0.8341460227966309,
    "mean_ssim_pair_first": 0.639771044254303,
    "mean_ti": 91.93576049804688,
    "mean_ti_first": 75.77615356445312,
    "mean_vila": 0.4723431169986725,
    "mean_vila_cc": 0.43947452306747437,
    "pframes_ratio": 0.252,
    "psnr": 43.394119,
    "ssim": 0.983609,
    "width": 1920.0
}