{
    "aspect": 1.3333333333333333,
    "avg_bframe_qp": 32.13,
    "avg_iframe_qp": 25.5,
    "avg_pframe_qp": 29.81,
    "bframes_ratio": 0.7467,
    "bitrate": 2295.93,
    "clip_genre_count": 3,
    "clip_genre_max": "vr",
    "dover": 0.6531494775347859,
    "dover_res_0": -0.07973085343837738,
    "dover_res_1": 0.13155116140842438,
    "fastervqa_raw": 0.18833112716674805,
    "fastervqa_score": 0.7553486298512313,
    "fps": 30.0,
    "height": 480.0,
    "iframes_ratio": 0.0033,
    "mean_avg_luminance": 117.32963562011719,
    "mean_avg_luminance_cc": 117.17613220214844,
    "mean_colorfulness": 123.8092269897461,
    "mean_colorfulness_cc": 96.58909606933594,
    "mean_musiq": 65.31340026855469,
    "mean_musiq_cc": 64.29808044433594,
    "mean_nima_a": 5.388016700744629,
    "mean_nima_a_cc": 5.3921403884887695,
    "mean_nima_q": 5.028349876403809,
    "mean_nima_q_cc": 4.898140907287598,
    "mean_qalign_aesthetic": 3.19921875,
    "mean_qalign_aesthetic_cc": 2.77734375,
    "mean_qalign_quality": 3.859375,
    "mean_qalign_quality_cc": 3.697265625,
    "mean_sharpness": 264.5369873046875,
    "mean_sharpness_cc": 297.1643981933594,
    "mean_si": 130.1215362548828,
    "mean_si_cc": 130.20640563964844,
    "mean_ssim_pair": 0.29041987657546997,
    "mean_ssim_pair_first": 0.31983619928359985,
    "mean_ti": 79.98057556152344,
    "mean_ti_first": 67.94520568847656,
    "mean_vila": 0.511618971824646,
    "mean_vila_cc": 0.25537794828414917,
    "pframes_ratio": 0.25,
    "psnr": 33.328789,
    "ssim": 0.949362,
    "width": 640.0
}