{
    "aspect": 1.7777777777777777,
    "avg_bframe_qp": 23.15,
    "avg_iframe_qp": 20.5,
    "avg_pframe_qp": 20.75,
    "bframes_ratio": 0.7467,
    "bitrate": 4142.97,
    "clip_genre_count": 5,
    "clip_genre_max": "unsharp",
    "dover": 0.4933895847057348,
    "dover_res_0": -0.09269439429044724,
    "dover_res_1": 0.07810204476118088,
    "fastervqa_raw": 0.1683402955532074,
    "fastervqa_score": 0.639711353259853,
    "fps": 30.0,
    "height": 1080.0,
    "iframes_ratio": 0.0033,
    "mean_avg_luminance": 160.0091094970703,
    "mean_avg_luminance_cc": 164.5397186279297,
    "mean_colorfulness": 41.52802276611328,
    "mean_colorfulness_cc": 22.312454223632812,
    "mean_musiq": 58.8134880065918,
    "mean_musiq_cc": 50.4622802734375,
    "mean_nima_a": 5.565913200378418,
    "mean_nima_a_cc": 5.367033004760742,
    "mean_nima_q": 4.583728313446045,
    "mean_nima_q_cc": 4.386750221252441,
    "mean_qalign_aesthetic": 2.32421875,
    "mean_qalign_aesthetic_cc": 1.892578125,
    "mean_qalign_quality": 3.72265625,
    "mean_qalign_quality_cc": 2.890625,
    "mean_sharpness": 90.08067321777344,
    "mean_sharpness_cc": 43.18955993652344,
    "mean_si": 79.81735229492188,
    "mean_si_cc": 49.00001907348633,
    "mean_ssim_pair": 0.8608570098876953,
    "mean_ssim_pair_first": 0.23573514819145203,
    "mean_ti": 53.339088439941406,
    "mean_ti_first": 49.14622116088867,
    "mean_vila": 0.4219268262386322,
    "mean_vila_cc": 0.4014642834663391,
    "pframes_ratio": 0.25,
    "psnr": 44.946076,
    "ssim": 0.993948,
    "width": 1920.0
}