{
    "aspect": 1.7777777777777777,
    "avg_bframe_qp": 21.75,
    "avg_iframe_qp": 20.5,
    "avg_pframe_qp": 20.12,
    "bframes_ratio": 0.744,
    "bitrate": 561.31,
    "clip_genre_count": 2,
    "clip_genre_max": "artistic",
    "dover": 0.5518858115188444,
    "dover_res_0": -0.05624711886048317,
    "dover_res_1": 0.07153978943824768,
    "fastervqa_raw": 0.1561858057975769,
    "fastervqa_score": 0.5591575538828972,
    "fps": 25.0,
    "height": 360.0,
    "iframes_ratio": 0.004,
    "mean_avg_luminance": 163.8241424560547,
    "mean_avg_luminance_cc": 180.49752807617188,
    "mean_colorfulness": 120.83084869384766,
    "mean_colorfulness_cc": 138.16552734375,
    "mean_musiq": 54.26795196533203,
    "mean_musiq_cc": 45.2444953918457,
    "mean_nima_a": 5.713824272155762,
    "mean_nima_a_cc": 5.702620506286621,
    "mean_nima_q": 4.853201866149902,
    "mean_nima_q_cc": 5.123183727264404,
    "mean_qalign_aesthetic": 3.62890625,
    "mean_qalign_aesthetic_cc": 3.29296875,
    "mean_qalign_quality": 3.92578125,
    "mean_qalign_quality_cc": 3.38671875,
    "mean_sharpness": 63.02739334106445,
    "mean_sharpness_cc": 44.57024383544922,
    "mean_si": 93.64515686035156,
    "mean_si_cc": 64.6973648071289,
    "mean_ssim_pair": 0.8907648921012878,
    "mean_ssim_pair_first": 0.8811724781990051,
    "mean_ti": 99.65245056152344,
    "mean_ti_first": 93.46028900146484,
    "mean_vila": 0.5917485356330872,
    "mean_vila_cc": 0.2911369204521179,
    "pframes_ratio": 0.252,
    "psnr": 45.201578,
    "ssim": 0.990446,
    "width": 640.0
}