{
    "aspect": 1.7777777777777777,
    "avg_bframe_qp": 21.04,
    "avg_iframe_qp": 20.0,
    "avg_pframe_qp": 19.15,
    "bframes_ratio": 0.7467,
    "bitrate": 549.87,
    "clip_genre_count": 3,
    "clip_genre_max": "computer",
    "dover": 0.456858882600757,
    "dover_res_0": -0.06844598799943924,
    "dover_res_1": 0.044411949813365936,
    "fastervqa_raw": 0.1771279126405716,
    "fastervqa_score": 0.6936636070776769,
    "fps": 29.97,
    "height": 360.0,
    "iframes_ratio": 0.0033,
    "mean_avg_luminance": 51.10007095336914,
    "mean_avg_luminance_cc": 56.62493133544922,
    "mean_colorfulness": 82.29624938964844,
    "mean_colorfulness_cc": 77.80250549316406,
    "mean_musiq": 50.59389114379883,
    "mean_musiq_cc": 47.48322296142578,
    "mean_nima_a": 5.01366662979126,
    "mean_nima_a_cc": 5.22867488861084,
    "mean_nima_q": 4.5013108253479,
    "mean_nima_q_cc": 4.571836948394775,
    "mean_qalign_aesthetic": 2.078125,
    "mean_qalign_aesthetic_cc": 2.16796875,
    "mean_qalign_quality": 3.521484375,
    "mean_qalign_quality_cc": 3.40234375,
    "mean_sharpness": 27.913177490234375,
    "mean_sharpness_cc": 73.10476684570312,
    "mean_si": 69.33362579345703,
    "mean_si_cc": 98.05352020263672,
    "mean_ssim_pair": 0.7612913250923157,
    "mean_ssim_pair_first": 0.5219033360481262,
    "mean_ti": 68.27365112304688,
    "mean_ti_first": 42.255619049072266,
    "mean_vila": 0.3039860129356384,
    "mean_vila_cc": 0.21072299778461456,
    "pframes_ratio": 0.25,
    "psnr": 50.438042,
    "ssim": 0.995783,
    "width": 640.0
}