{
    "aspect": 1.7777777777777777,
    "avg_bframe_qp": 22.29,
    "avg_iframe_qp": 20.5,
    "avg_pframe_qp": 20.35,
    "bframes_ratio": 0.7404,
    "bitrate": 302.74,
    "clip_genre_count": 3,
    "clip_genre_max": "computer",
    "dover": 0.36457873961638515,
    "dover_res_0": -0.1268002688884735,
    "dover_res_1": 0.05426716059446335,
    "fastervqa_raw": 0.1416287124156952,
    "fastervqa_score": 0.458814870822094,
    "fps": 11.71,
    "height": 360.0,
    "iframes_ratio": 0.0096,
    "mean_avg_luminance": 121.72804260253906,
    "mean_avg_luminance_cc": 128.8210906982422,
    "mean_colorfulness": 162.69725036621094,
    "mean_colorfulness_cc": 109.93099212646484,
    "mean_musiq": 52.57228469848633,
    "mean_musiq_cc": 51.11164855957031,
    "mean_nima_a": 5.987429141998291,
    "mean_nima_a_cc": 6.055042266845703,
    "mean_nima_q": 4.712345600128174,
    "mean_nima_q_cc": 4.31367301940918,
    "mean_qalign_aesthetic": 1.94921875,
    "mean_qalign_aesthetic_cc": 1.921875,
    "mean_qalign_quality": 3.0546875,
    "mean_qalign_quality_cc": 2.9453125,
    "mean_sharpness": 62.82720184326172,
    "mean_sharpness_cc": 60.61084747314453,
    "mean_si": 72.43610382080078,
    "mean_si_cc": 69.96580505371094,
    "mean_ssim_pair": 0.8321434259414673,
    "mean_ssim_pair_first": 0.5575436353683472,
    "mean_ti": 95.57742309570312,
    "mean_ti_first": 96.11312103271484,
    "mean_vila": 0.2918754816055298,
    "mean_vila_cc": 0.1715095043182373,
    "pframes_ratio": 0.25,
    "psnr": 45.683092,
    "ssim": 0.990799,
    "width": 640.0
}