{
    "aspect": 1.7777777777777777,
    "avg_bframe_qp": 27.04,
    "avg_iframe_qp": 24.0,
    "avg_pframe_qp": 25.02,
    "bframes_ratio": 0.7393,
    "bitrate": 2854.62,
    "clip_genre_count": 1,
    "clip_genre_max": "computer",
    "dover": 0.6323094060567958,
    "dover_res_0": -0.09616973251104355,
    "dover_res_1": 0.1359735131263733,
    "fastervqa_raw": 0.18915550410747528,
    "fastervqa_score": 0.7595400119273951,
    "fps": 16.98,
    "height": 720.0,
    "iframes_ratio": 0.0075,
    "mean_avg_luminance": 91.5237808227539,
    "mean_avg_luminance_cc": 117.41715240478516,
    "mean_colorfulness": 138.86521911621094,
    "mean_colorfulness_cc": 139.6853790283203,
    "mean_musiq": 59.278072357177734,
    "mean_musiq_cc": 70.02896881103516,
    "mean_nima_a": 5.55962610244751,
    "mean_nima_a_cc": 5.589871883392334,
    "mean_nima_q": 4.536972522735596,
    "mean_nima_q_cc": 4.153656005859375,
    "mean_qalign_aesthetic": 1.8427734375,
    "mean_qalign_aesthetic_cc": 1.53125,
    "mean_qalign_quality": 3.369140625,
    "mean_qalign_quality_cc": 3.0,
    "mean_sharpness": 150.6571502685547,
    "mean_sharpness_cc": 381.1070251464844,
    "mean_si": 163.05039978027344,
    "mean_si_cc": 224.6710662841797,
    "mean_ssim_pair": 0.8684456944465637,
    "mean_ssim_pair_first": 0.44413962960243225,
    "mean_ti": 113.5170669555664,
    "mean_ti_first": 100.7160873413086,
    "mean_vila": 0.29567310214042664,
    "mean_vila_cc": 0.23459778726100922,
    "pframes_ratio": 0.2531,
    "psnr": 39.235465,
    "ssim": 0.976582,
    "width": 1280.0
}