{
    "aspect": 1.3333333333333333,
    "avg_bframe_qp": 31.15,
    "avg_iframe_qp": 26.0,
    "avg_pframe_qp": 28.75,
    "bframes_ratio": 0.744,
    "bitrate": 1787.39,
    "clip_genre_count": 3,
    "clip_genre_max": "computer",
    "dover": 0.07177724271271209,
    "dover_res_0": -0.20597556233406067,
    "dover_res_1": -0.07622195780277252,
    "fastervqa_raw": 0.0737619400024414,
    "fastervqa_score": 0.11473269083214846,
    "fps": 25.0,
    "height": 480.0,
    "iframes_ratio": 0.004,
    "mean_avg_luminance": 92.26994323730469,
    "mean_avg_luminance_cc": 94.70674133300781,
    "mean_colorfulness": 99.2519302368164,
    "mean_colorfulness_cc": 73.3250503540039,
    "mean_musiq": 23.797733306884766,
    "mean_musiq_cc": 22.506561279296875,
    "mean_nima_a": 5.506226062774658,
    "mean_nima_a_cc": 5.5949811935424805,
    "mean_nima_q": 4.2315192222595215,
    "mean_nima_q_cc": 4.2544965744018555,
    "mean_qalign_aesthetic": 1.2138671875,
    "mean_qalign_aesthetic_cc": 1.162109375,
    "mean_qalign_quality": 1.6123046875,
    "mean_qalign_quality_cc": 1.2451171875,
    "mean_sharpness": 213.68130493164062,
    "mean_sharpness_cc": 307.3521728515625,
    "mean_si": 86.07439422607422,
    "mean_si_cc": 93.7793197631836,
    "mean_ssim_pair": 0.3383731245994568,
    "mean_ssim_pair_first": 0.3327920436859131,
    "mean_ti": 85.36207580566406,
    "mean_ti_first": 72.12297058105469,
    "mean_vila": 0.17883440852165222,
    "mean_vila_cc": 0.14438575506210327,
    "pframes_ratio": 0.252,
    "psnr": 36.330903,
    "ssim": 0.949577,
    "width": 640.0
}