{
    "aspect": 1.5,
    "avg_bframe_qp": 20.73,
    "avg_iframe_qp": 21.0,
    "avg_pframe_qp": 18.8,
    "bframes_ratio": 0.74,
    "bitrate": 90.74,
    "clip_genre_count": 1,
    "clip_genre_max": "news",
    "dover": 0.2974150533047652,
    "dover_res_0": -0.15105915069580078,
    "dover_res_1": 0.044312484562397,
    "fastervqa_raw": 0.13440591096878052,
    "fastervqa_score": 0.4097494854881793,
    "fps": 15.0,
    "height": 480.0,
    "iframes_ratio": 0.0067,
    "mean_avg_luminance": 199.33444213867188,
    "mean_avg_luminance_cc": 192.81192016601562,
    "mean_colorfulness": 33.334041595458984,
    "mean_colorfulness_cc": 27.29684066772461,
    "mean_musiq": 52.534339904785156,
    "mean_musiq_cc": 55.33209228515625,
    "mean_nima_a": 5.749754905700684,
    "mean_nima_a_cc": 5.807045936584473,
    "mean_nima_q": 4.887530326843262,
    "mean_nima_q_cc": 4.5764360427856445,
    "mean_qalign_aesthetic": 2.09375,
    "mean_qalign_aesthetic_cc": 2.484375,
    "mean_qalign_quality": 3.00390625,
    "mean_qalign_quality_cc": 3.48828125,
    "mean_sharpness": 580.446044921875,
    "mean_sharpness_cc": 837.4593505859375,
    "mean_si": 240.9539794921875,
    "mean_si_cc": 281.32379150390625,
    "mean_ssim_pair": 0.9830904006958008,
    "mean_ssim_pair_first": 0.8309861421585083,
    "mean_ti": 7.106136322021484,
    "mean_ti_first": 40.29726028442383,
    "mean_vila": 0.35399243235588074,
    "mean_vila_cc": 0.2813587486743927,
    "pframes_ratio": 0.2533,
    "psnr": 49.87604,
    "ssim": 0.997653,
    "width": 720.0
}