{
    "aspect": 1.7777777777777777,
    "avg_bframe_qp": 21.21,
    "avg_iframe_qp": 19.5,
    "avg_pframe_qp": 19.23,
    "bframes_ratio": 0.7462,
    "bitrate": 657.6,
    "clip_genre_count": 5,
    "clip_genre_max": "computer",
    "dover": 0.48394484419039197,
    "dover_res_0": -0.0961252823472023,
    "dover_res_1": 0.07719863206148148,
    "fastervqa_raw": 0.19455356895923615,
    "fastervqa_score": 0.7857587894369684,
    "fps": 29.97,
    "height": 360.0,
    "iframes_ratio": 0.0033,
    "mean_avg_luminance": 87.85636901855469,
    "mean_avg_luminance_cc": 84.33536529541016,
    "mean_colorfulness": 122.29710388183594,
    "mean_colorfulness_cc": 127.9273681640625,
    "mean_musiq": 49.545379638671875,
    "mean_musiq_cc": 49.8354606628418,
    "mean_nima_a": 5.724774360656738,
    "mean_nima_a_cc": 5.800753116607666,
    "mean_nima_q": 4.163887977600098,
    "mean_nima_q_cc": 4.409139156341553,
    "mean_qalign_aesthetic": 2.166015625,
    "mean_qalign_aesthetic_cc": 2.20703125,
    "mean_qalign_quality": 3.224609375,
    "mean_qalign_quality_cc": 3.171875,
    "mean_sharpness": 21.190736770629883,
    "mean_sharpness_cc": 19.186046600341797,
    "mean_si": 34.89214324951172,
    "mean_si_cc": 45.486812591552734,
    "mean_ssim_pair": 0.679773211479187,
    "mean_ssim_pair_first": 0.46143651008605957,
    "mean_ti": 97.7858657836914,
    "mean_ti_first": 62.922454833984375,
    "mean_vila": 0.320630818605423,
    "mean_vila_cc": 0.20726661384105682,
    "pframes_ratio": 0.2504,
    "psnr": 46.433741,
    "ssim": 0.989835,
    "width": 640.0
}