{
    "aspect": 1.5,
    "avg_bframe_qp": 26.15,
    "avg_iframe_qp": 24.5,
    "avg_pframe_qp": 23.97,
    "bframes_ratio": 0.7467,
    "bitrate": 1594.51,
    "clip_genre_count": 2,
    "clip_genre_max": "news",
    "dover": 0.582939930967429,
    "dover_res_0": -0.0860162302851677,
    "dover_res_1": 0.1077316477894783,
    "fastervqa_raw": 0.18635733425617218,
    "fastervqa_score": 0.7451141660500146,
    "fps": 29.97,
    "height": 480.0,
    "iframes_ratio": 0.0033,
    "mean_avg_luminance": 111.5887451171875,
    "mean_avg_luminance_cc": 119.78459167480469,
    "mean_colorfulness": 151.5380096435547,
    "mean_colorfulness_cc": 121.5889892578125,
    "mean_musiq": 64.73725128173828,
    "mean_musiq_cc": 64.46846771240234,
    "mean_nima_a": 5.953341007232666,
    "mean_nima_a_cc": 6.073171138763428,
    "mean_nima_q": 4.4041032791137695,
    "mean_nima_q_cc": 4.5000529289245605,
    "mean_qalign_aesthetic": 2.5234375,
    "mean_qalign_aesthetic_cc": 2.283203125,
    "mean_qalign_quality": 3.634765625,
    "mean_qalign_quality_cc": 3.45703125,
    "mean_sharpness": 63.13610076904297,
    "mean_sharpness_cc": 98.4743423461914,
    "mean_si": 78.5748062133789,
    "mean_si_cc": 85.64960479736328,
    "mean_ssim_pair": 0.6826993227005005,
    "mean_ssim_pair_first": 0.5515024065971375,
    "mean_ti": 90.564697265625,
    "mean_ti_first": 74.11604309082031,
    "mean_vila": 0.3419601023197174,
    "mean_vila_cc": 0.21464869379997253,
    "pframes_ratio": 0.25,
    "psnr": 41.544543,
    "ssim": 0.985187,
    "width": 720.0
}