{
    "aspect": 1.3333333333333333,
    "avg_bframe_qp": 27.78,
    "avg_iframe_qp": 24.5,
    "avg_pframe_qp": 25.54,
    "bframes_ratio": 0.7455,
    "bitrate": 6733.48,
    "clip_genre_count": 2,
    "clip_genre_max": "news",
    "dover": 0.595623797865562,
    "dover_res_0": -0.09379647672176361,
    "dover_res_1": 0.11906322836875916,
    "fastervqa_raw": 0.15341489017009735,
    "fastervqa_score": 0.5401782834402102,
    "fps": 25.0,
    "height": 1080.0,
    "iframes_ratio": 0.004,
    "mean_avg_luminance": 113.2051010131836,
    "mean_avg_luminance_cc": 138.8142547607422,
    "mean_colorfulness": 157.1631317138672,
    "mean_colorfulness_cc": 145.33152770996094,
    "mean_musiq": 49.95906448364258,
    "mean_musiq_cc": 51.05683898925781,
    "mean_nima_a": 5.96205997467041,
    "mean_nima_a_cc": 5.674069881439209,
    "mean_nima_q": 4.812760829925537,
    "mean_nima_q_cc": 4.799985408782959,
    "mean_qalign_aesthetic": 3.181640625,
    "mean_qalign_aesthetic_cc": 1.669921875,
    "mean_qalign_quality": 4.15234375,
    "mean_qalign_quality_cc": 2.44140625,
    "mean_sharpness": 58.12176513671875,
    "mean_sharpness_cc": 134.77224731445312,
    "mean_si": 73.3886947631836,
    "mean_si_cc": 85.94439697265625,
    "mean_ssim_pair": 0.6961570382118225,
    "mean_ssim_pair_first": 0.6826704740524292,
    "mean_ti": 97.4322280883789,
    "mean_ti_first": 80.55524444580078,
    "mean_vila": 0.5123479962348938,
    "mean_vila_cc": 0.37445154786109924,
    "pframes_ratio": 0.2505,
    "psnr": 41.674631,
    "ssim": 0.988892,
    "width": 1440.0
}