{
    "aspect": 1.7777777777777777,
    "avg_bframe_qp": 27.12,
    "avg_iframe_qp": 23.5,
    "avg_pframe_qp": 24.78,
    "bframes_ratio": 0.7467,
    "bitrate": 4773.85,
    "clip_genre_count": 2,
    "clip_genre_max": "music",
    "dover": 0.24204679247420582,
    "dover_res_0": -0.1333746761083603,
    "dover_res_1": 0.0027928242925554514,
    "fastervqa_raw": 0.1462601125240326,
    "fastervqa_score": 0.4907651625999789,
    "fps": 30.0,
    "height": 720.0,
    "iframes_ratio": 0.0033,
    "mean_avg_luminance": 48.791866302490234,
    "mean_avg_luminance_cc": 50.74260711669922,
    "mean_colorfulness": 115.67045593261719,
    "mean_colorfulness_cc": 112.218994140625,
    "mean_musiq": 28.59364891052246,
    "mean_musiq_cc": 32.713035583496094,
    "mean_nima_a": 5.188125133514404,
    "mean_nima_a_cc": 5.3426079750061035,
    "mean_nima_q": 4.6227216720581055,
    "mean_nima_q_cc": 4.3369011878967285,
    "mean_qalign_aesthetic": 1.693359375,
    "mean_qalign_aesthetic_cc": 1.34375,
    "mean_qalign_quality": 2.486328125,
    "mean_qalign_quality_cc": 1.984375,
    "mean_sharpness": 13.492695808410645,
    "mean_sharpness_cc": 13.098600387573242,
    "mean_si": 65.4079360961914,
    "mean_si_cc": 62.9979133605957,
    "mean_ssim_pair": 0.6001381278038025,
    "mean_ssim_pair_first": 0.5907663106918335,
    "mean_ti": 104.53968811035156,
    "mean_ti_first": 97.45362854003906,
    "mean_vila": 0.2901882529258728,
    "mean_vila_cc": 0.17050370573997498,
    "pframes_ratio": 0.25,
    "psnr": 42.062687,
    "ssim": 0.975707,
    "width": 1280.0
}