{
    "aspect": 1.3333333333333333,
    "avg_bframe_qp": 20.48,
    "avg_iframe_qp": 20.5,
    "avg_pframe_qp": 19.2,
    "bframes_ratio": 0.7467,
    "bitrate": 313.61,
    "clip_genre_count": 3,
    "clip_genre_max": "text",
    "dover": 0.32305141580141605,
    "dover_res_0": -0.11640307307243347,
    "dover_res_1": 0.02806171588599682,
    "fastervqa_raw": 0.14652347564697266,
    "fastervqa_score": 0.4925867575594133,
    "fps": 30.0,
    "height": 480.0,
    "iframes_ratio": 0.0033,
    "mean_avg_luminance": 11.710290908813477,
    "mean_avg_luminance_cc": 29.976093292236328,
    "mean_colorfulness": 2.4120843410491943,
    "mean_colorfulness_cc": 2.7030255794525146,
    "mean_musiq": 49.707313537597656,
    "mean_musiq_cc": 49.83607864379883,
    "mean_nima_a": 4.591863632202148,
    "mean_nima_a_cc": 4.981371879577637,
    "mean_nima_q": 4.384961128234863,
    "mean_nima_q_cc": 4.858006000518799,
    "mean_qalign_aesthetic": 2.068359375,
    "mean_qalign_aesthetic_cc": 2.08203125,
    "mean_qalign_quality": 3.09765625,
    "mean_qalign_quality_cc": 3.150390625,
    "mean_sharpness": 65.81773376464844,
    "mean_sharpness_cc": 190.03836059570312,
    "mean_si": 152.68472290039062,
    "mean_si_cc": 237.0769805908203,
    "mean_ssim_pair": 0.9136841893196106,
    "mean_ssim_pair_first": 0.7789222598075867,
    "mean_ti": 23.28140640258789,
    "mean_ti_first": 32.05572509765625,
    "mean_vila": 0.2910248637199402,
    "mean_vila_cc": 0.2415347397327423,
    "pframes_ratio": 0.25,
    "psnr": 52.352511,
    "ssim": 0.998884,
    "width": 640.0
}