{
    "aspect": 1.7777777777777777,
    "avg_bframe_qp": 22.04,
    "avg_iframe_qp": 20.5,
    "avg_pframe_qp": 20.47,
    "bframes_ratio": 0.7462,
    "bitrate": 735.28,
    "clip_genre_count": 2,
    "clip_genre_max": "music",
    "dover": 0.50550837978603,
    "dover_res_0": -0.10543417185544968,
    "dover_res_1": 0.09303981065750122,
    "fastervqa_raw": 0.13636526465415955,
    "fastervqa_score": 0.4229250418280913,
    "fps": 29.97,
    "height": 360.0,
    "iframes_ratio": 0.0033,
    "mean_avg_luminance": 66.51222229003906,
    "mean_avg_luminance_cc": 90.07620239257812,
    "mean_colorfulness": 49.62903594970703,
    "mean_colorfulness_cc": 47.95972442626953,
    "mean_musiq": 60.50419998168945,
    "mean_musiq_cc": 59.55492401123047,
    "mean_nima_a": 5.5230584144592285,
    "mean_nima_a_cc": 5.868067264556885,
    "mean_nima_q": 4.928681373596191,
    "mean_nima_q_cc": 4.771644592285156,
    "mean_qalign_aesthetic": 1.9921875,
    "mean_qalign_aesthetic_cc": 2.076171875,
    "mean_qalign_quality": 3.052734375,
    "mean_qalign_quality_cc": 3.244140625,
    "mean_sharpness": 58.81473922729492,
    "mean_sharpness_cc": 88.72930145263672,
    "mean_si": 102.77828216552734,
    "mean_si_cc": 126.63582611083984,
    "mean_ssim_pair": 0.857463002204895,
    "mean_ssim_pair_first": 0.4118949770927429,
    "mean_ti": 108.92872619628906,
    "mean_ti_first": 81.6404800415039,
    "mean_vila": 0.35633203387260437,
    "mean_vila_cc": 0.20797684788703918,
    "pframes_ratio": 0.2504,
    "psnr": 44.218148,
    "ssim": 0.986905,
    "width": 640.0
}