{
    "aspect": 1.7777777777777777,
    "avg_bframe_qp": 25.73,
    "avg_iframe_qp": 23.0,
    "avg_pframe_qp": 23.38,
    "bframes_ratio": 0.7455,
    "bitrate": 7886.2,
    "clip_genre_count": 2,
    "clip_genre_max": "music",
    "dover": 0.6299770502107951,
    "dover_res_0": -0.07665017992258072,
    "dover_res_1": 0.11931078881025314,
    "fastervqa_raw": 0.17802512645721436,
    "fastervqa_score": 0.6989142877160284,
    "fps": 25.0,
    "height": 1080.0,
    "iframes_ratio": 0.004,
    "mean_avg_luminance": 55.32289505004883,
    "mean_avg_luminance_cc": 66.78070068359375,
    "mean_colorfulness": 96.43067932128906,
    "mean_colorfulness_cc": 81.96800231933594,
    "mean_musiq": 29.001262664794922,
    "mean_musiq_cc": 35.989776611328125,
    "mean_nima_a": 5.441417694091797,
    "mean_nima_a_cc": 5.704211711883545,
    "mean_nima_q": 4.417469501495361,
    "mean_nima_q_cc": 4.573838710784912,
    "mean_qalign_aesthetic": 2.490234375,
    "mean_qalign_aesthetic_cc": 2.19921875,
    "mean_qalign_quality": 3.59765625,
    "mean_qalign_quality_cc": 2.9765625,
    "mean_sharpness": 17.97409439086914,
    "mean_sharpness_cc": 26.742990493774414,
    "mean_si": 71.8455810546875,
    "mean_si_cc": 83.296630859375,
    "mean_ssim_pair": 0.6546069383621216,
    "mean_ssim_pair_first": 0.5597683191299438,
    "mean_ti": 96.80144500732422,
    "mean_ti_first": 84.29019165039062,
    "mean_vila": 0.4240681231021881,
    "mean_vila_cc": 0.34886863827705383,
    "pframes_ratio": 0.2505,
    "psnr": 44.110444,
    "ssim": 0.987267,
    "width": 1920.0
}