{
    "aspect": 1.7777777777777777,
    "avg_bframe_qp": 30.64,
    "avg_iframe_qp": 26.0,
    "avg_pframe_qp": 26.99,
    "bframes_ratio": 0.7467,
    "bitrate": 10715.65,
    "clip_genre_count": 2,
    "clip_genre_max": "news",
    "dover": 0.32155679493901385,
    "dover_res_0": -0.1559094488620758,
    "dover_res_1": 0.05915897712111473,
    "fastervqa_raw": 0.12034887820482254,
    "fastervqa_score": 0.3199458680114265,
    "fps": 29.97,
    "height": 1080.0,
    "iframes_ratio": 0.0033,
    "mean_avg_luminance": 72.66850280761719,
    "mean_avg_luminance_cc": 71.9650650024414,
    "mean_colorfulness": 158.03280639648438,
    "mean_colorfulness_cc": 149.5096893310547,
    "mean_musiq": 31.805633544921875,
    "mean_musiq_cc": 39.14069366455078,
    "mean_nima_a": 5.209720611572266,
    "mean_nima_a_cc": 5.093682765960693,
    "mean_nima_q": 4.69744873046875,
    "mean_nima_q_cc": 4.488905906677246,
    "mean_qalign_aesthetic": 2.2265625,
    "mean_qalign_aesthetic_cc": 1.6875,
    "mean_qalign_quality": 3.23046875,
    "mean_qalign_quality_cc": 2.525390625,
    "mean_sharpness": 27.048492431640625,
    "mean_sharpness_cc": 24.960113525390625,
    "mean_si": 57.4754753112793,
    "mean_si_cc": 62.157470703125,
    "mean_ssim_pair": 0.506662905216217,
    "mean_ssim_pair_first": 0.5131515264511108,
    "mean_ti": 98.59541320800781,
    "mean_ti_first": 88.70037078857422,
    "mean_vila": 0.3942544758319855,
    "mean_vila_cc": 0.2814643979072571,
    "pframes_ratio": 0.25,
    "psnr": 37.356306,
    "ssim": 0.950197,
    "width": 1920.0
}