{
    "aspect": 1.7777777777777777,
    "avg_bframe_qp": 28.08,
    "avg_iframe_qp": 24.5,
    "avg_pframe_qp": 25.67,
    "bframes_ratio": 0.7455,
    "bitrate": 9203.92,
    "clip_genre_count": 6,
    "clip_genre_max": "vlog",
    "dover": 0.351943122413883,
    "dover_res_0": -0.12443184107542038,
    "dover_res_1": 0.047038912773132324,
    "fastervqa_raw": 0.11155075579881668,
    "fastervqa_score": 0.2694326330983086,
    "fps": 25.0,
    "height": 1080.0,
    "iframes_ratio": 0.004,
    "mean_avg_luminance": 62.97614669799805,
    "mean_avg_luminance_cc": 77.79653930664062,
    "mean_colorfulness": 125.232177734375,
    "mean_colorfulness_cc": 128.17251586914062,
    "mean_musiq": 32.45634078979492,
    "mean_musiq_cc": 27.284753799438477,
    "mean_nima_a": 5.293492794036865,
    "mean_nima_a_cc": 5.4915995597839355,
    "mean_nima_q": 4.459330081939697,
    "mean_nima_q_cc": 4.3466796875,
    "mean_qalign_aesthetic": 2.03125,
    "mean_qalign_aesthetic_cc": 1.4658203125,
    "mean_qalign_quality": 2.55078125,
    "mean_qalign_quality_cc": 2.01171875,
    "mean_sharpness": 11.233369827270508,
    "mean_sharpness_cc": 16.437955856323242,
    "mean_si": 52.20485305786133,
    "mean_si_cc": 56.65875244140625,
    "mean_ssim_pair": 0.48680219054222107,
    "mean_ssim_pair_first": 0.4046723246574402,
    "mean_ti": 87.39911651611328,
    "mean_ti_first": 72.3298568725586,
    "mean_vila": 0.3509488105773926,
    "mean_vila_cc": 0.24749748408794403,
    "pframes_ratio": 0.2505,
    "psnr": 41.118569,
    "ssim": 0.968122,
    "width": 1920.0
}