{
    "aspect": 1.3333333333333333,
    "avg_bframe_qp": 21.46,
    "avg_iframe_qp": 21.5,
    "avg_pframe_qp": 19.54,
    "bframes_ratio": 0.7467,
    "bitrate": 1360.05,
    "clip_genre_count": 2,
    "clip_genre_max": "text",
    "dover": 0.7602075462670664,
    "dover_res_0": -0.06496098637580872,
    "dover_res_1": 0.1701367050409317,
    "fastervqa_raw": 0.17657992243766785,
    "fastervqa_score": 0.6904316391374202,
    "fps": 29.97,
    "height": 720.0,
    "iframes_ratio": 0.0033,
    "mean_avg_luminance": 142.65081787109375,
    "mean_avg_luminance_cc": 199.8251495361328,
    "mean_colorfulness": 0.0,
    "mean_colorfulness_cc": 0.0,
    "mean_musiq": 53.591552734375,
    "mean_musiq_cc": 52.142364501953125,
    "mean_nima_a": 5.671887397766113,
    "mean_nima_a_cc": 5.917007923126221,
    "mean_nima_q": 4.759453773498535,
    "mean_nima_q_cc": 4.888736248016357,
    "mean_qalign_aesthetic": 2.71484375,
    "mean_qalign_aesthetic_cc": 2.29296875,
    "mean_qalign_quality": 3.931640625,
    "mean_qalign_quality_cc": 3.55078125,
    "mean_sharpness": 39.60301971435547,
    "mean_sharpness_cc": 47.283042907714844,
    "mean_si": 104.1417007446289,
    "mean_si_cc": 131.3741912841797,
    "mean_ssim_pair": 0.8233324289321899,
    "mean_ssim_pair_first": 0.7654373049736023,
    "mean_ti": 79.77684020996094,
    "mean_ti_first": 91.03789520263672,
    "mean_vila": 0.49797874689102173,
    "mean_vila_cc": 0.3950144052505493,
    "pframes_ratio": 0.25,
    "psnr": 52.413457,
    "ssim": 0.997832,
    "width": 960.0
}