{
    "aspect": 1.7777777777777777,
    "avg_bframe_qp": 23.87,
    "avg_iframe_qp": 22.0,
    "avg_pframe_qp": 21.95,
    "bframes_ratio": 0.7467,
    "bitrate": 3231.17,
    "clip_genre_count": 4,
    "clip_genre_max": "music",
    "dover": 0.6003343141534484,
    "dover_res_0": -0.06153722107410431,
    "dover_res_1": 0.09502735733985901,
    "fastervqa_raw": 0.1694372445344925,
    "fastervqa_score": 0.6466780595228423,
    "fps": 29.97,
    "height": 720.0,
    "iframes_ratio": 0.0033,
    "mean_avg_luminance": 188.45083618164062,
    "mean_avg_luminance_cc": 188.2493133544922,
    "mean_colorfulness": 4.701502799987793,
    "mean_colorfulness_cc": 0.0,
    "mean_musiq": 54.52613067626953,
    "mean_musiq_cc": 51.153533935546875,
    "mean_nima_a": 5.14613151550293,
    "mean_nima_a_cc": 4.739932060241699,
    "mean_nima_q": 5.32828426361084,
    "mean_nima_q_cc": 5.299379348754883,
    "mean_qalign_aesthetic": 3.353515625,
    "mean_qalign_aesthetic_cc": 2.326171875,
    "mean_qalign_quality": 3.921875,
    "mean_qalign_quality_cc": 3.083984375,
    "mean_sharpness": 81.81549072265625,
    "mean_sharpness_cc": 89.02919006347656,
    "mean_si": 76.12654113769531,
    "mean_si_cc": 58.268585205078125,
    "mean_ssim_pair": 0.4802045226097107,
    "mean_ssim_pair_first": 0.3204457461833954,
    "mean_ti": 108.53055572509766,
    "mean_ti_first": 86.79849243164062,
    "mean_vila": 0.5644096732139587,
    "mean_vila_cc": 0.4242023527622223,
    "pframes_ratio": 0.25,
    "psnr": 41.925721,
    "ssim": 0.984855,
    "width": 1280.0
}