{
    "aspect": 1.3333333333333333,
    "avg_bframe_qp": 21.59,
    "avg_iframe_qp": 22.5,
    "avg_pframe_qp": 20.04,
    "bframes_ratio": 0.7467,
    "bitrate": 401.8,
    "clip_genre_count": 2,
    "clip_genre_max": "news",
    "dover": 0.5322900364104121,
    "dover_res_0": -0.10722748935222626,
    "dover_res_1": 0.10487605631351471,
    "fastervqa_raw": 0.11360643059015274,
    "fastervqa_score": 0.2807764234672106,
    "fps": 30.0,
    "height": 480.0,
    "iframes_ratio": 0.0033,
    "mean_avg_luminance": 29.282567977905273,
    "mean_avg_luminance_cc": 43.77276611328125,
    "mean_colorfulness": 101.73213958740234,
    "mean_colorfulness_cc": 126.37589263916016,
    "mean_musiq": 58.115020751953125,
    "mean_musiq_cc": 58.09587860107422,
    "mean_nima_a": 5.548508167266846,
    "mean_nima_a_cc": 5.67486572265625,
    "mean_nima_q": 4.6864399909973145,
    "mean_nima_q_cc": 4.863271713256836,
    "mean_qalign_aesthetic": 2.84375,
    "mean_qalign_aesthetic_cc": 2.568359375,
    "mean_qalign_quality": 3.07421875,
    "mean_qalign_quality_cc": 3.017578125,
    "mean_sharpness": 89.26863098144531,
    "mean_sharpness_cc": 152.24285888671875,
    "mean_si": 94.9234390258789,
    "mean_si_cc": 118.7685546875,
    "mean_ssim_pair": 0.9127729535102844,
    "mean_ssim_pair_first": 0.621420681476593,
    "mean_ti": 25.057485580444336,
    "mean_ti_first": 55.29046630859375,
    "mean_vila": 0.4450953006744385,
    "mean_vila_cc": 0.2583043575286865,
    "pframes_ratio": 0.25,
    "psnr": 44.080227,
    "ssim": 0.988116,
    "width": 640.0
}