{
    "aspect": 1.3333333333333333,
    "avg_bframe_qp": 27.84,
    "avg_iframe_qp": 24.0,
    "avg_pframe_qp": 25.59,
    "bframes_ratio": 0.7462,
    "bitrate": 1750.72,
    "clip_genre_count": 1,
    "clip_genre_max": "animal",
    "dover": 0.4035790989433396,
    "dover_res_0": -0.09423527121543884,
    "dover_res_1": 0.04406794533133507,
    "fastervqa_raw": 0.13951405882835388,
    "fastervqa_score": 0.44432277585578905,
    "fps": 30.0,
    "height": 480.0,
    "iframes_ratio": 0.0033,
    "mean_avg_luminance": 85.46113586425781,
    "mean_avg_luminance_cc": 79.36103057861328,
    "mean_colorfulness": 126.11543273925781,
    "mean_colorfulness_cc": 109.14102935791016,
    "mean_musiq": 23.22122573852539,
    "mean_musiq_cc": 19.595932006835938,
    "mean_nima_a": 5.202643394470215,
    "mean_nima_a_cc": 5.427520275115967,
    "mean_nima_q": 4.675785064697266,
    "mean_nima_q_cc": 4.71613883972168,
    "mean_qalign_aesthetic": 1.123046875,
    "mean_qalign_aesthetic_cc": 1.1005859375,
    "mean_qalign_quality": 2.095703125,
    "mean_qalign_quality_cc": 1.830078125,
    "mean_sharpness": 9.039819717407227,
    "mean_sharpness_cc": 7.144908905029297,
    "mean_si": 24.196577072143555,
    "mean_si_cc": 18.72597312927246,
    "mean_ssim_pair": 0.46167269349098206,
    "mean_ssim_pair_first": 0.5042269229888916,
    "mean_ti": 92.61412048339844,
    "mean_ti_first": 86.78199768066406,
    "mean_vila": 0.16350224614143372,
    "mean_vila_cc": 0.12896597385406494,
    "pframes_ratio": 0.2504,
    "psnr": 38.789205,
    "ssim": 0.91141,
    "width": 640.0
}