{
    "aspect": 1.7777777777777777,
    "avg_bframe_qp": 30.78,
    "avg_iframe_qp": 26.0,
    "avg_pframe_qp": 28.45,
    "bframes_ratio": 0.7462,
    "bitrate": 6550.25,
    "clip_genre_count": 5,
    "clip_genre_max": "music",
    "dover": 0.03195162064021027,
    "dover_res_0": -0.20578137040138245,
    "dover_res_1": -0.1588476151227951,
    "fastervqa_raw": 0.038482535630464554,
    "fastervqa_score": 0.046547342302129174,
    "fps": 30.0,
    "height": 720.0,
    "iframes_ratio": 0.0033,
    "mean_avg_luminance": 112.14083099365234,
    "mean_avg_luminance_cc": 116.8873519897461,
    "mean_colorfulness": 96.58800506591797,
    "mean_colorfulness_cc": 94.75267791748047,
    "mean_musiq": 15.674139022827148,
    "mean_musiq_cc": 17.14320945739746,
    "mean_nima_a": 5.633103370666504,
    "mean_nima_a_cc": 5.324069023132324,
    "mean_nima_q": 4.235296249389648,
    "mean_nima_q_cc": 4.400233745574951,
    "mean_qalign_aesthetic": 1.462890625,
    "mean_qalign_aesthetic_cc": 1.822265625,
    "mean_qalign_quality": 1.7919921875,
    "mean_qalign_quality_cc": 1.29296875,
    "mean_sharpness": 73.31021118164062,
    "mean_sharpness_cc": 74.59465789794922,
    "mean_si": 61.694801330566406,
    "mean_si_cc": 64.07862854003906,
    "mean_ssim_pair": 0.366753488779068,
    "mean_ssim_pair_first": 0.30293506383895874,
    "mean_ti": 86.26803588867188,
    "mean_ti_first": 76.7366943359375,
    "mean_vila": 0.2885550558567047,
    "mean_vila_cc": 0.3136339783668518,
    "pframes_ratio": 0.2504,
    "psnr": 34.354686,
    "ssim": 0.878727,
    "width": 1280.0
}