{
    "aspect": 1.7777777777777777,
    "avg_bframe_qp": 25.44,
    "avg_iframe_qp": 25.0,
    "avg_pframe_qp": 22.81,
    "bframes_ratio": 0.748,
    "bitrate": 5806.74,
    "clip_genre_count": 6,
    "clip_genre_max": "vlog",
    "dover": 0.04387371915660459,
    "dover_res_0": -0.20018628239631653,
    "dover_res_1": -0.13142892718315125,
    "fastervqa_raw": 0.08424251526594162,
    "fastervqa_score": 0.14763883491136576,
    "fps": 50.0,
    "height": 720.0,
    "iframes_ratio": 0.002,
    "mean_avg_luminance": 94.3511962890625,
    "mean_avg_luminance_cc": 95.2945327758789,
    "mean_colorfulness": 111.14109802246094,
    "mean_colorfulness_cc": 111.9111557006836,
    "mean_musiq": 16.56982421875,
    "mean_musiq_cc": 21.026565551757812,
    "mean_nima_a": 5.4166789054870605,
    "mean_nima_a_cc": 5.450103759765625,
    "mean_nima_q": 4.580573081970215,
    "mean_nima_q_cc": 4.668044567108154,
    "mean_qalign_aesthetic": 1.326171875,
    "mean_qalign_aesthetic_cc": 1.2353515625,
    "mean_qalign_quality": 1.5029296875,
    "mean_qalign_quality_cc": 1.203125,
    "mean_sharpness": 32.419227600097656,
    "mean_sharpness_cc": 28.384775161743164,
    "mean_si": 32.8668098449707,
    "mean_si_cc": 29.103628158569336,
    "mean_ssim_pair": 0.6068490743637085,
    "mean_ssim_pair_first": 0.5235406160354614,
    "mean_ti": 86.89064025878906,
    "mean_ti_first": 52.73720169067383,
    "mean_vila": 0.19965019822120667,
    "mean_vila_cc": 0.19184166193008423,
    "pframes_ratio": 0.25,
    "psnr": 37.787195,
    "ssim": 0.954752,
    "width": 1280.0
}