{
    "aspect": 1.7777777777777777,
    "avg_bframe_qp": 20.26,
    "avg_iframe_qp": 20.0,
    "avg_pframe_qp": 18.52,
    "bframes_ratio": 0.7467,
    "bitrate": 797.76,
    "clip_genre_count": 1,
    "clip_genre_max": "vlog",
    "dover": 0.13382836101757364,
    "dover_res_0": -0.18929028511047363,
    "dover_res_1": -0.022585220634937286,
    "fastervqa_raw": 0.07854538410902023,
    "fastervqa_score": 0.12887911808138208,
    "fps": 30.0,
    "height": 720.0,
    "iframes_ratio": 0.0033,
    "mean_avg_luminance": 23.589067459106445,
    "mean_avg_luminance_cc": 44.46451950073242,
    "mean_colorfulness": 62.42474365234375,
    "mean_colorfulness_cc": 90.2992172241211,
    "mean_musiq": 24.25701141357422,
    "mean_musiq_cc": 21.922080993652344,
    "mean_nima_a": 5.154595375061035,
    "mean_nima_a_cc": 5.763372898101807,
    "mean_nima_q": 4.829001426696777,
    "mean_nima_q_cc": 4.526245594024658,
    "mean_qalign_aesthetic": 1.552734375,
    "mean_qalign_aesthetic_cc": 1.3046875,
    "mean_qalign_quality": 1.7421875,
    "mean_qalign_quality_cc": 1.353515625,
    "mean_sharpness": 1.3038831949234009,
    "mean_sharpness_cc": 0.5607221722602844,
    "mean_si": 21.12807846069336,
    "mean_si_cc": 21.812274932861328,
    "mean_ssim_pair": 0.801289439201355,
    "mean_ssim_pair_first": 0.79720139503479,
    "mean_ti": 89.74413299560547,
    "mean_ti_first": 88.85919952392578,
    "mean_vila": 0.3294703960418701,
    "mean_vila_cc": 0.2362685650587082,
    "pframes_ratio": 0.25,
    "psnr": 54.259521,
    "ssim": 0.997352,
    "width": 1280.0
}