{
    "aspect": 1.7777777777777777,
    "avg_bframe_qp": 25.76,
    "avg_iframe_qp": 20.5,
    "avg_pframe_qp": 22.93,
    "bframes_ratio": 0.7453,
    "bitrate": 6571.0,
    "clip_genre_count": 6,
    "clip_genre_max": "vlog",
    "dover": 0.6295855830332249,
    "dover_res_0": -0.07877906411886215,
    "dover_res_1": 0.12085960805416107,
    "fastervqa_raw": 0.18985673785209656,
    "fastervqa_score": 0.7630664683347045,
    "fps": 23.98,
    "height": 1080.0,
    "iframes_ratio": 0.0042,
    "mean_avg_luminance": 118.35237884521484,
    "mean_avg_luminance_cc": 128.78573608398438,
    "mean_colorfulness": 111.31544494628906,
    "mean_colorfulness_cc": 104.76847076416016,
    "mean_musiq": 36.01594543457031,
    "mean_musiq_cc": 35.592384338378906,
    "mean_nima_a": 5.476876258850098,
    "mean_nima_a_cc": 5.669068336486816,
    "mean_nima_q": 4.687871932983398,
    "mean_nima_q_cc": 4.6139702796936035,
    "mean_qalign_aesthetic": 2.810546875,
    "mean_qalign_aesthetic_cc": 1.798828125,
    "mean_qalign_quality": 3.23046875,
    "mean_qalign_quality_cc": 2.330078125,
    "mean_sharpness": 16.072046279907227,
    "mean_sharpness_cc": 14.237385749816895,
    "mean_si": 47.97488021850586,
    "mean_si_cc": 50.51788330078125,
    "mean_ssim_pair": 0.5605980157852173,
    "mean_ssim_pair_first": 0.36167189478874207,
    "mean_ti": 84.18592071533203,
    "mean_ti_first": 67.6055679321289,
    "mean_vila": 0.44760623574256897,
    "mean_vila_cc": 0.33757370710372925,
    "pframes_ratio": 0.2505,
    "psnr": 39.988585,
    "ssim": 0.970645,
    "width": 1920.0
}