{
    "aspect": 1.3333333333333333,
    "avg_bframe_qp": 29.14,
    "avg_iframe_qp": 22.5,
    "avg_pframe_qp": 26.95,
    "bframes_ratio": 0.7467,
    "bitrate": 1982.78,
    "clip_genre_count": 4,
    "clip_genre_max": "vlog",
    "dover": 0.2184015515675016,
    "dover_res_0": -0.12476177513599396,
    "dover_res_1": -0.017064716666936874,
    "fastervqa_raw": 0.13712503015995026,
    "fastervqa_score": 0.4280647832029219,
    "fps": 30.0,
    "height": 480.0,
    "iframes_ratio": 0.0033,
    "mean_avg_luminance": 117.5511245727539,
    "mean_avg_luminance_cc": 119.33074951171875,
    "mean_colorfulness": 88.33277893066406,
    "mean_colorfulness_cc": 79.55232238769531,
    "mean_musiq": 26.14508056640625,
    "mean_musiq_cc": 26.917316436767578,
    "mean_nima_a": 5.639186382293701,
    "mean_nima_a_cc": 5.530364036560059,
    "mean_nima_q": 4.74899959564209,
    "mean_nima_q_cc": 4.845246315002441,
    "mean_qalign_aesthetic": 1.3857421875,
    "mean_qalign_aesthetic_cc": 1.2763671875,
    "mean_qalign_quality": 2.05859375,
    "mean_qalign_quality_cc": 2.021484375,
    "mean_sharpness": 25.183181762695312,
    "mean_sharpness_cc": 23.429716110229492,
    "mean_si": 56.07892990112305,
    "mean_si_cc": 51.01245880126953,
    "mean_ssim_pair": 0.37221759557724,
    "mean_ssim_pair_first": 0.3351820111274719,
    "mean_ti": 83.81898498535156,
    "mean_ti_first": 74.23835754394531,
    "mean_vila": 0.20872536301612854,
    "mean_vila_cc": 0.14521780610084534,
    "pframes_ratio": 0.25,
    "psnr": 36.697745,
    "ssim": 0.935407,
    "width": 640.0
}