{
    "aspect": 1.7777777777777777,
    "avg_bframe_qp": 31.32,
    "avg_iframe_qp": 26.0,
    "avg_pframe_qp": 27.45,
    "bframes_ratio": 0.744,
    "bitrate": 8604.56,
    "clip_genre_count": 8,
    "clip_genre_max": "text",
    "dover": 0.20717369539563063,
    "dover_res_0": -0.090479776263237,
    "dover_res_1": -0.05111897736787796,
    "fastervqa_raw": 0.1610375940799713,
    "fastervqa_score": 0.5919455203678547,
    "fps": 25.0,
    "height": 1080.0,
    "iframes_ratio": 0.004,
    "mean_avg_luminance": 59.03440475463867,
    "mean_avg_luminance_cc": 55.633888244628906,
    "mean_colorfulness": 136.48690795898438,
    "mean_colorfulness_cc": 135.44638061523438,
    "mean_musiq": 45.45989990234375,
    "mean_musiq_cc": 43.78105926513672,
    "mean_nima_a": 5.280463218688965,
    "mean_nima_a_cc": 5.415198802947998,
    "mean_nima_q": 4.708536624908447,
    "mean_nima_q_cc": 4.360800266265869,
    "mean_qalign_aesthetic": 2.3515625,
    "mean_qalign_aesthetic_cc": 1.7216796875,
    "mean_qalign_quality": 2.99609375,
    "mean_qalign_quality_cc": 2.03515625,
    "mean_sharpness": 72.62297058105469,
    "mean_sharpness_cc": 71.82978057861328,
    "mean_si": 87.6993637084961,
    "mean_si_cc": 86.18687438964844,
    "mean_ssim_pair": 0.33753740787506104,
    "mean_ssim_pair_first": 0.32883965969085693,
    "mean_ti": 86.00745391845703,
    "mean_ti_first": 56.186981201171875,
    "mean_vila": 0.38120952248573303,
    "mean_vila_cc": 0.35378915071487427,
    "pframes_ratio": 0.252,
    "psnr": 32.503742,
    "ssim": 0.94486,
    "width": 1920.0
}