{
    "aspect": 1.7777777777777777,
    "avg_bframe_qp": 26.32,
    "avg_iframe_qp": 23.5,
    "avg_pframe_qp": 24.24,
    "bframes_ratio": 0.748,
    "bitrate": 16142.21,
    "clip_genre_count": 2,
    "clip_genre_max": "vlog",
    "dover": 0.7972245149025619,
    "dover_res_0": -0.05530208721756935,
    "dover_res_1": 0.18321967124938965,
    "fastervqa_raw": 0.20377372205257416,
    "fastervqa_score": 0.8255928517222019,
    "fps": 50.0,
    "height": 1080.0,
    "iframes_ratio": 0.002,
    "mean_avg_luminance": 149.58233642578125,
    "mean_avg_luminance_cc": 119.61695861816406,
    "mean_colorfulness": 152.5799102783203,
    "mean_colorfulness_cc": 147.50271606445312,
    "mean_musiq": 43.8817138671875,
    "mean_musiq_cc": 49.820804595947266,
    "mean_nima_a": 5.358370780944824,
    "mean_nima_a_cc": 5.5607991218566895,
    "mean_nima_q": 4.630194664001465,
    "mean_nima_q_cc": 4.730777740478516,
    "mean_qalign_aesthetic": 2.205078125,
    "mean_qalign_aesthetic_cc": 1.693359375,
    "mean_qalign_quality": 4.26171875,
    "mean_qalign_quality_cc": 2.947265625,
    "mean_sharpness": 57.1482048034668,
    "mean_sharpness_cc": 84.23231506347656,
    "mean_si": 104.62037658691406,
    "mean_si_cc": 112.7711181640625,
    "mean_ssim_pair": 0.4776385724544525,
    "mean_ssim_pair_first": 0.42082810401916504,
    "mean_ti": 94.55766296386719,
    "mean_ti_first": 79.00926208496094,
    "mean_vila": 0.3365304470062256,
    "mean_vila_cc": 0.2904679775238037,
    "pframes_ratio": 0.25,
    "psnr": 41.869903,
    "ssim": 0.98527,
    "width": 1920.0
}