{
    "aspect": 1.3333333333333333,
    "avg_bframe_qp": 29.24,
    "avg_iframe_qp": 25.5,
    "avg_pframe_qp": 27.02,
    "bframes_ratio": 0.744,
    "bitrate": 7704.32,
    "clip_genre_count": 5,
    "clip_genre_max": "news",
    "dover": 0.49197164794279624,
    "dover_res_0": -0.12089221924543381,
    "dover_res_1": 0.1002214103937149,
    "fastervqa_raw": 0.10642661899328232,
    "fastervqa_score": 0.24244701230912463,
    "fps": 25.0,
    "height": 1080.0,
    "iframes_ratio": 0.004,
    "mean_avg_luminance": 111.96083068847656,
    "mean_avg_luminance_cc": 118.18638610839844,
    "mean_colorfulness": 102.6154556274414,
    "mean_colorfulness_cc": 105.08663177490234,
    "mean_musiq": 27.196874618530273,
    "mean_musiq_cc": 29.247488021850586,
    "mean_nima_a": 5.403757095336914,
    "mean_nima_a_cc": 5.461748123168945,
    "mean_nima_q": 4.246196746826172,
    "mean_nima_q_cc": 4.3583574295043945,
    "mean_qalign_aesthetic": 1.9453125,
    "mean_qalign_aesthetic_cc": 1.330078125,
    "mean_qalign_quality": 3.36328125,
    "mean_qalign_quality_cc": 1.935546875,
    "mean_sharpness": 301.5795593261719,
    "mean_sharpness_cc": 371.51580810546875,
    "mean_si": 63.40910720825195,
    "mean_si_cc": 69.24067687988281,
    "mean_ssim_pair": 0.463249534368515,
    "mean_ssim_pair_first": 0.4335273802280426,
    "mean_ti": 90.61711883544922,
    "mean_ti_first": 76.51689147949219,
    "mean_vila": 0.2894928455352783,
    "mean_vila_cc": 0.19790534675121307,
    "pframes_ratio": 0.252,
    "psnr": 38.725864,
    "ssim": 0.962482,
    "width": 1440.0
}