{
    "aspect": 1.7777777777777777,
    "avg_bframe_qp": 25.19,
    "avg_iframe_qp": 23.0,
    "avg_pframe_qp": 23.38,
    "bframes_ratio": 0.7455,
    "bitrate": 3357.54,
    "clip_genre_count": 3,
    "clip_genre_max": "vlog",
    "dover": 0.855894958174027,
    "dover_res_0": -0.030346408486366272,
    "dover_res_1": 0.2031221091747284,
    "fastervqa_raw": 0.2030995786190033,
    "fastervqa_score": 0.8228901776049414,
    "fps": 25.0,
    "height": 720.0,
    "iframes_ratio": 0.004,
    "mean_avg_luminance": 163.77536010742188,
    "mean_avg_luminance_cc": 123.3570327758789,
    "mean_colorfulness": 146.8356475830078,
    "mean_colorfulness_cc": 127.411865234375,
    "mean_musiq": 57.887245178222656,
    "mean_musiq_cc": 57.559898376464844,
    "mean_nima_a": 5.457838535308838,
    "mean_nima_a_cc": 5.534715175628662,
    "mean_nima_q": 4.484703063964844,
    "mean_nima_q_cc": 4.562262535095215,
    "mean_qalign_aesthetic": 2.59375,
    "mean_qalign_aesthetic_cc": 2.033203125,
    "mean_qalign_quality": 4.5234375,
    "mean_qalign_quality_cc": 3.541015625,
    "mean_sharpness": 95.47996520996094,
    "mean_sharpness_cc": 104.7415771484375,
    "mean_si": 123.6207046508789,
    "mean_si_cc": 124.7579345703125,
    "mean_ssim_pair": 0.5422088503837585,
    "mean_ssim_pair_first": 0.3269397020339966,
    "mean_ti": 95.44122314453125,
    "mean_ti_first": 69.75416564941406,
    "mean_vila": 0.43156760931015015,
    "mean_vila_cc": 0.32520395517349243,
    "pframes_ratio": 0.2505,
    "psnr": 41.367148,
    "ssim": 0.984816,
    "width": 1280.0
}