{
    "aspect": 1.7777777777777777,
    "avg_bframe_qp": 21.14,
    "avg_iframe_qp": 21.0,
    "avg_pframe_qp": 19.4,
    "bframes_ratio": 0.7462,
    "bitrate": 5844.36,
    "clip_genre_count": 1,
    "clip_genre_max": "news",
    "dover": 0.7177577130041851,
    "dover_res_0": -0.11117921769618988,
    "dover_res_1": 0.1859378069639206,
    "fastervqa_raw": 0.1689932644367218,
    "fastervqa_score": 0.6438656544662167,
    "fps": 29.97,
    "height": 1080.0,
    "iframes_ratio": 0.0033,
    "mean_avg_luminance": 129.57652282714844,
    "mean_avg_luminance_cc": 108.2567367553711,
    "mean_colorfulness": 47.18781280517578,
    "mean_colorfulness_cc": 50.363800048828125,
    "mean_musiq": 22.744831085205078,
    "mean_musiq_cc": 23.897947311401367,
    "mean_nima_a": 5.8644514083862305,
    "mean_nima_a_cc": 5.921964168548584,
    "mean_nima_q": 4.519809246063232,
    "mean_nima_q_cc": 4.677857398986816,
    "mean_qalign_aesthetic": 2.39453125,
    "mean_qalign_aesthetic_cc": 1.5771484375,
    "mean_qalign_quality": 4.0234375,
    "mean_qalign_quality_cc": 2.662109375,
    "mean_sharpness": 7.132462978363037,
    "mean_sharpness_cc": 4.238370895385742,
    "mean_si": 24.607295989990234,
    "mean_si_cc": 28.88191795349121,
    "mean_ssim_pair": 0.904219925403595,
    "mean_ssim_pair_first": 0.9035126566886902,
    "mean_ti": 116.08040618896484,
    "mean_ti_first": 103.85505676269531,
    "mean_vila": 0.31587886810302734,
    "mean_vila_cc": 0.2296600639820099,
    "pframes_ratio": 0.2504,
    "psnr": 46.355979,
    "ssim": 0.981605,
    "width": 1920.0
}