{
    "aspect": 1.3333333333333333,
    "avg_bframe_qp": 29.21,
    "avg_iframe_qp": 21.0,
    "avg_pframe_qp": 26.83,
    "bframes_ratio": 0.744,
    "bitrate": 1465.24,
    "clip_genre_count": 3,
    "clip_genre_max": "news",
    "dover": 0.2108941203993481,
    "dover_res_0": -0.1260969191789627,
    "dover_res_1": -0.020305747166275978,
    "fastervqa_raw": 0.14482922852039337,
    "fastervqa_score": 0.4808737467699648,
    "fps": 25.0,
    "height": 360.0,
    "iframes_ratio": 0.004,
    "mean_avg_luminance": 118.45039367675781,
    "mean_avg_luminance_cc": 113.70057678222656,
    "mean_colorfulness": 149.0531463623047,
    "mean_colorfulness_cc": 137.09243774414062,
    "mean_musiq": 58.46840286254883,
    "mean_musiq_cc": 59.098182678222656,
    "mean_nima_a": 5.363669395446777,
    "mean_nima_a_cc": 5.601393699645996,
    "mean_nima_q": 4.869368553161621,
    "mean_nima_q_cc": 4.75544548034668,
    "mean_qalign_aesthetic": 1.53125,
    "mean_qalign_aesthetic_cc": 1.5517578125,
    "mean_qalign_quality": 2.63671875,
    "mean_qalign_quality_cc": 2.61328125,
    "mean_sharpness": 144.17369079589844,
    "mean_sharpness_cc": 157.44943237304688,
    "mean_si": 102.97972106933594,
    "mean_si_cc": 99.85118865966797,
    "mean_ssim_pair": 0.4882121682167053,
    "mean_ssim_pair_first": 0.2681930661201477,
    "mean_ti": 92.30608367919922,
    "mean_ti_first": 58.9779052734375,
    "mean_vila": 0.2603113055229187,
    "mean_vila_cc": 0.11782389879226685,
    "pframes_ratio": 0.252,
    "psnr": 34.123479,
    "ssim": 0.969846,
    "width": 480.0
}