{
    "aspect": 1.7777777777777777,
    "avg_bframe_qp": 29.7,
    "avg_iframe_qp": 25.0,
    "avg_pframe_qp": 27.6,
    "bframes_ratio": 0.744,
    "bitrate": 4876.22,
    "clip_genre_count": 2,
    "clip_genre_max": "vlog",
    "dover": 0.796747291123159,
    "dover_res_0": -0.04615623876452446,
    "dover_res_1": 0.17558139562606812,
    "fastervqa_raw": 0.21997801959514618,
    "fastervqa_score": 0.8811277181045646,
    "fps": 25.0,
    "height": 720.0,
    "iframes_ratio": 0.004,
    "mean_avg_luminance": 115.39390563964844,
    "mean_avg_luminance_cc": 98.3092041015625,
    "mean_colorfulness": 156.7355499267578,
    "mean_colorfulness_cc": 152.99087524414062,
    "mean_musiq": 56.81786346435547,
    "mean_musiq_cc": 55.711036682128906,
    "mean_nima_a": 5.439095497131348,
    "mean_nima_a_cc": 5.663046836853027,
    "mean_nima_q": 4.649245262145996,
    "mean_nima_q_cc": 4.8343377113342285,
    "mean_qalign_aesthetic": 2.08984375,
    "mean_qalign_aesthetic_cc": 1.623046875,
    "mean_qalign_quality": 4.30078125,
    "mean_qalign_quality_cc": 3.26171875,
    "mean_sharpness": 102.14839935302734,
    "mean_sharpness_cc": 75.11808776855469,
    "mean_si": 103.29415130615234,
    "mean_si_cc": 89.21949768066406,
    "mean_ssim_pair": 0.29067665338516235,
    "mean_ssim_pair_first": 0.29933294653892517,
    "mean_ti": 93.46009063720703,
    "mean_ti_first": 81.56368255615234,
    "mean_vila": 0.3061860203742981,
    "mean_vila_cc": 0.20456913113594055,
    "pframes_ratio": 0.252,
    "psnr": 36.403466,
    "ssim": 0.967391,
    "width": 1280.0
}