{
    "aspect": 1.3333333333333333,
    "avg_bframe_qp": 24.75,
    "avg_iframe_qp": 20.5,
    "avg_pframe_qp": 22.55,
    "bframes_ratio": 0.7458,
    "bitrate": 666.41,
    "clip_genre_count": 2,
    "clip_genre_max": "vlog",
    "dover": 0.06709359096132896,
    "dover_res_0": -0.19034408032894135,
    "dover_res_1": -0.09581261873245239,
    "fastervqa_raw": 0.0837339237332344,
    "fastervqa_score": 0.14587639053260923,
    "fps": 23.98,
    "height": 360.0,
    "iframes_ratio": 0.0042,
    "mean_avg_luminance": 70.14797973632812,
    "mean_avg_luminance_cc": 101.84354400634766,
    "mean_colorfulness": 142.17138671875,
    "mean_colorfulness_cc": 126.08882141113281,
    "mean_musiq": 28.490127563476562,
    "mean_musiq_cc": 28.586536407470703,
    "mean_nima_a": 5.345305442810059,
    "mean_nima_a_cc": 5.6164093017578125,
    "mean_nima_q": 4.442407131195068,
    "mean_nima_q_cc": 4.282646656036377,
    "mean_qalign_aesthetic": 1.435546875,
    "mean_qalign_aesthetic_cc": 1.560546875,
    "mean_qalign_quality": 1.806640625,
    "mean_qalign_quality_cc": 1.890625,
    "mean_sharpness": 27.94196128845215,
    "mean_sharpness_cc": 25.92654800415039,
    "mean_si": 81.6300048828125,
    "mean_si_cc": 77.8983383178711,
    "mean_ssim_pair": 0.6246709823608398,
    "mean_ssim_pair_first": 0.3941119313240051,
    "mean_ti": 86.21188354492188,
    "mean_ti_first": 74.55012512207031,
    "mean_vila": 0.3013683557510376,
    "mean_vila_cc": 0.17039784789085388,
    "pframes_ratio": 0.25,
    "psnr": 43.443357,
    "ssim": 0.984633,
    "width": 480.0
}