{
    "aspect": 1.7777777777777777,
    "avg_bframe_qp": 23.4,
    "avg_iframe_qp": 23.5,
    "avg_pframe_qp": 21.37,
    "bframes_ratio": 0.744,
    "bitrate": 4944.02,
    "clip_genre_count": 4,
    "clip_genre_max": "news",
    "dover": 0.594536511312195,
    "dover_res_0": -0.0932048112154007,
    "dover_res_1": 0.11815047264099121,
    "fastervqa_raw": 0.13398757576942444,
    "fastervqa_score": 0.40695244643357564,
    "fps": 25.0,
    "height": 1080.0,
    "iframes_ratio": 0.004,
    "mean_avg_luminance": 208.9766082763672,
    "mean_avg_luminance_cc": 195.15206909179688,
    "mean_colorfulness": 63.4806022644043,
    "mean_colorfulness_cc": 86.86325073242188,
    "mean_musiq": 43.887840270996094,
    "mean_musiq_cc": 41.461524963378906,
    "mean_nima_a": 5.586145877838135,
    "mean_nima_a_cc": 5.535370826721191,
    "mean_nima_q": 4.275988578796387,
    "mean_nima_q_cc": 4.519966125488281,
    "mean_qalign_aesthetic": 2.47265625,
    "mean_qalign_aesthetic_cc": 1.8125,
    "mean_qalign_quality": 3.400390625,
    "mean_qalign_quality_cc": 2.396484375,
    "mean_sharpness": 34.424747467041016,
    "mean_sharpness_cc": 56.1309814453125,
    "mean_si": 100.16294860839844,
    "mean_si_cc": 123.45268249511719,
    "mean_ssim_pair": 0.7021837830543518,
    "mean_ssim_pair_first": 0.5946694016456604,
    "mean_ti": 88.2501449584961,
    "mean_ti_first": 83.54183197021484,
    "mean_vila": 0.44977107644081116,
    "mean_vila_cc": 0.4053221642971039,
    "pframes_ratio": 0.252,
    "psnr": 44.954498,
    "ssim": 0.995667,
    "width": 1920.0
}