{
    "aspect": 1.3333333333333333,
    "avg_bframe_qp": 25.74,
    "avg_iframe_qp": 22.0,
    "avg_pframe_qp": 23.64,
    "bframes_ratio": 0.7455,
    "bitrate": 724.09,
    "clip_genre_count": 2,
    "clip_genre_max": "vlog",
    "dover": 0.29289023765473604,
    "dover_res_0": -0.0930263102054596,
    "dover_res_1": -0.004448409657925367,
    "fastervqa_raw": 0.13477692008018494,
    "fastervqa_score": 0.412234997577079,
    "fps": 25.0,
    "height": 360.0,
    "iframes_ratio": 0.004,
    "mean_avg_luminance": 128.52688598632812,
    "mean_avg_luminance_cc": 116.27762603759766,
    "mean_colorfulness": 78.09661865234375,
    "mean_colorfulness_cc": 79.70231628417969,
    "mean_musiq": 53.623435974121094,
    "mean_musiq_cc": 55.32330322265625,
    "mean_nima_a": 5.654038906097412,
    "mean_nima_a_cc": 5.620179176330566,
    "mean_nima_q": 4.554194450378418,
    "mean_nima_q_cc": 4.623244285583496,
    "mean_qalign_aesthetic": 1.8486328125,
    "mean_qalign_aesthetic_cc": 1.875,
    "mean_qalign_quality": 3.11328125,
    "mean_qalign_quality_cc": 3.15234375,
    "mean_sharpness": 37.87368392944336,
    "mean_sharpness_cc": 22.7369327545166,
    "mean_si": 81.04232025146484,
    "mean_si_cc": 68.2616195678711,
    "mean_ssim_pair": 0.42496252059936523,
    "mean_ssim_pair_first": 0.3928324580192566,
    "mean_ti": 88.8071060180664,
    "mean_ti_first": 73.80750274658203,
    "mean_vila": 0.2784106135368347,
    "mean_vila_cc": 0.10730864852666855,
    "pframes_ratio": 0.2505,
    "psnr": 41.77397,
    "ssim": 0.981592,
    "width": 480.0
}