{
    "aspect": 1.7777777777777777,
    "avg_bframe_qp": 26.65,
    "avg_iframe_qp": 23.5,
    "avg_pframe_qp": 24.61,
    "bframes_ratio": 0.7467,
    "bitrate": 4524.72,
    "clip_genre_count": 1,
    "clip_genre_max": "vlog",
    "dover": 0.7011603897738973,
    "dover_res_0": -0.07648149877786636,
    "dover_res_1": 0.15024203062057495,
    "fastervqa_raw": 0.1929011046886444,
    "fastervqa_score": 0.7779598034124778,
    "fps": 29.97,
    "height": 720.0,
    "iframes_ratio": 0.0033,
    "mean_avg_luminance": 50.082275390625,
    "mean_avg_luminance_cc": 75.58092498779297,
    "mean_colorfulness": 78.51351165771484,
    "mean_colorfulness_cc": 130.4282684326172,
    "mean_musiq": 45.119544982910156,
    "mean_musiq_cc": 51.11438751220703,
    "mean_nima_a": 5.221056938171387,
    "mean_nima_a_cc": 5.263973712921143,
    "mean_nima_q": 5.0484113693237305,
    "mean_nima_q_cc": 4.8267502784729,
    "mean_qalign_aesthetic": 2.9765625,
    "mean_qalign_aesthetic_cc": 1.921875,
    "mean_qalign_quality": 3.79296875,
    "mean_qalign_quality_cc": 2.890625,
    "mean_sharpness": 28.70108985900879,
    "mean_sharpness_cc": 70.48283386230469,
    "mean_si": 79.51454162597656,
    "mean_si_cc": 113.7874984741211,
    "mean_ssim_pair": 0.8157726526260376,
    "mean_ssim_pair_first": 0.7399051189422607,
    "mean_ti": 110.35920715332031,
    "mean_ti_first": 90.35031127929688,
    "mean_vila": 0.49660152196884155,
    "mean_vila_cc": 0.27020829916000366,
    "pframes_ratio": 0.25,
    "psnr": 42.401449,
    "ssim": 0.983321,
    "width": 1280.0
}