{
    "aspect": 1.7777777777777777,
    "avg_bframe_qp": 37.84,
    "avg_iframe_qp": 28.0,
    "avg_pframe_qp": 31.59,
    "bframes_ratio": 0.7467,
    "bitrate": 11573.1,
    "clip_genre_count": 2,
    "clip_genre_max": "sports",
    "dover": 0.5886173603187782,
    "dover_res_0": -0.12350063771009445,
    "dover_res_1": 0.1401328444480896,
    "fastervqa_raw": 0.15602901577949524,
    "fastervqa_score": 0.5580876998426498,
    "fps": 30.0,
    "height": 1080.0,
    "iframes_ratio": 0.0033,
    "mean_avg_luminance": 111.99700927734375,
    "mean_avg_luminance_cc": 109.3711929321289,
    "mean_colorfulness": 146.53468322753906,
    "mean_colorfulness_cc": 147.498779296875,
    "mean_musiq": 33.528968811035156,
    "mean_musiq_cc": 38.47864532470703,
    "mean_nima_a": 5.009853363037109,
    "mean_nima_a_cc": 5.120912551879883,
    "mean_nima_q": 4.534159183502197,
    "mean_nima_q_cc": 4.391695022583008,
    "mean_qalign_aesthetic": 2.09765625,
    "mean_qalign_aesthetic_cc": 1.169921875,
    "mean_qalign_quality": 3.71484375,
    "mean_qalign_quality_cc": 1.599609375,
    "mean_sharpness": 335.53363037109375,
    "mean_sharpness_cc": 303.58758544921875,
    "mean_si": 120.7667465209961,
    "mean_si_cc": 113.2800521850586,
    "mean_ssim_pair": 0.21512296795845032,
    "mean_ssim_pair_first": 0.24839361011981964,
    "mean_ti": 92.54790496826172,
    "mean_ti_first": 84.52040100097656,
    "mean_vila": 0.2943994402885437,
    "mean_vila_cc": 0.239782452583313,
    "pframes_ratio": 0.25,
    "psnr": 30.364156,
    "ssim": 0.893317,
    "width": 1920.0
}