{
    "aspect": 1.7777777777777777,
    "avg_bframe_qp": 28.13,
    "avg_iframe_qp": 23.0,
    "avg_pframe_qp": 26.16,
    "bframes_ratio": 0.7455,
    "bitrate": 2355.85,
    "clip_genre_count": 3,
    "clip_genre_max": "people",
    "dover": 0.8425193694360383,
    "dover_res_0": -0.04538564383983612,
    "dover_res_1": 0.20508867502212524,
    "fastervqa_raw": 0.2013714611530304,
    "fastervqa_score": 0.8158121840562823,
    "fps": 25.0,
    "height": 540.0,
    "iframes_ratio": 0.004,
    "mean_avg_luminance": 136.61935424804688,
    "mean_avg_luminance_cc": 133.37933349609375,
    "mean_colorfulness": 120.22300720214844,
    "mean_colorfulness_cc": 85.70872497558594,
    "mean_musiq": 60.503257751464844,
    "mean_musiq_cc": 60.83153533935547,
    "mean_nima_a": 5.59799861907959,
    "mean_nima_a_cc": 5.549586296081543,
    "mean_nima_q": 4.620015621185303,
    "mean_nima_q_cc": 4.446509838104248,
    "mean_qalign_aesthetic": 2.857421875,
    "mean_qalign_aesthetic_cc": 2.486328125,
    "mean_qalign_quality": 4.14453125,
    "mean_qalign_quality_cc": 3.65234375,
    "mean_sharpness": 112.03828430175781,
    "mean_sharpness_cc": 163.531005859375,
    "mean_si": 113.78080749511719,
    "mean_si_cc": 134.10891723632812,
    "mean_ssim_pair": 0.49885979294776917,
    "mean_ssim_pair_first": 0.27353301644325256,
    "mean_ti": 101.37744140625,
    "mean_ti_first": 74.08946228027344,
    "mean_vila": 0.4827335774898529,
    "mean_vila_cc": 0.3517826199531555,
    "pframes_ratio": 0.2505,
    "psnr": 37.3095,
    "ssim": 0.965802,
    "width": 960.0
}