{
    "aspect": 1.7777777777777777,
    "avg_bframe_qp": 26.88,
    "avg_iframe_qp": 20.5,
    "avg_pframe_qp": 23.03,
    "bframes_ratio": 0.7462,
    "bitrate": 14973.48,
    "clip_genre_count": 5,
    "clip_genre_max": "news",
    "dover": 0.6051986450313099,
    "dover_res_0": -0.08082258701324463,
    "dover_res_1": 0.11249927431344986,
    "fastervqa_raw": 0.14389364421367645,
    "fastervqa_score": 0.4744138521235139,
    "fps": 30.0,
    "height": 2160.0,
    "iframes_ratio": 0.0033,
    "mean_avg_luminance": 45.782135009765625,
    "mean_avg_luminance_cc": 50.01190948486328,
    "mean_colorfulness": 88.82414245605469,
    "mean_colorfulness_cc": 105.3287353515625,
    "mean_musiq": 33.69554901123047,
    "mean_musiq_cc": 35.740440368652344,
    "mean_nima_a": 4.765761375427246,
    "mean_nima_a_cc": 4.951519966125488,
    "mean_nima_q": 4.71690559387207,
    "mean_nima_q_cc": 4.899351596832275,
    "mean_qalign_aesthetic": 2.51953125,
    "mean_qalign_aesthetic_cc": 1.5048828125,
    "mean_qalign_quality": 3.49609375,
    "mean_qalign_quality_cc": 2.115234375,
    "mean_sharpness": 12.584452629089355,
    "mean_sharpness_cc": 16.056354522705078,
    "mean_si": 49.342079162597656,
    "mean_si_cc": 56.84104537963867,
    "mean_ssim_pair": 0.6073014140129089,
    "mean_ssim_pair_first": 0.5534611344337463,
    "mean_ti": 63.11701202392578,
    "mean_ti_first": 50.017208099365234,
    "mean_vila": 0.41384944319725037,
    "mean_vila_cc": 0.3799358308315277,
    "pframes_ratio": 0.2504,
    "psnr": 41.906994,
    "ssim": 0.985698,
    "width": 3840.0
}