{
    "aspect": 1.5,
    "avg_bframe_qp": 32.74,
    "avg_iframe_qp": 26.0,
    "avg_pframe_qp": 30.1,
    "bframes_ratio": 0.7462,
    "bitrate": 3295.42,
    "clip_genre_count": 1,
    "clip_genre_max": "sports",
    "dover": 0.07668383493343146,
    "dover_res_0": -0.21378935873508453,
    "dover_res_1": -0.06302157044410706,
    "fastervqa_raw": 0.09322264790534973,
    "fastervqa_score": 0.1817223311197219,
    "fps": 29.97,
    "height": 480.0,
    "iframes_ratio": 0.0033,
    "mean_avg_luminance": 91.5533218383789,
    "mean_avg_luminance_cc": 125.24356842041016,
    "mean_colorfulness": 136.47555541992188,
    "mean_colorfulness_cc": 142.05435180664062,
    "mean_musiq": 34.66310501098633,
    "mean_musiq_cc": 35.0303840637207,
    "mean_nima_a": 4.824831485748291,
    "mean_nima_a_cc": 4.913495063781738,
    "mean_nima_q": 4.460377216339111,
    "mean_nima_q_cc": 4.535738945007324,
    "mean_qalign_aesthetic": 1.068359375,
    "mean_qalign_aesthetic_cc": 1.052734375,
    "mean_qalign_quality": 1.755859375,
    "mean_qalign_quality_cc": 1.216796875,
    "mean_sharpness": 336.3161926269531,
    "mean_sharpness_cc": 402.25567626953125,
    "mean_si": 121.03214263916016,
    "mean_si_cc": 133.5709228515625,
    "mean_ssim_pair": 0.25878727436065674,
    "mean_ssim_pair_first": 0.22479350864887238,
    "mean_ti": 94.94464111328125,
    "mean_ti_first": 85.94154357910156,
    "mean_vila": 0.1734418272972107,
    "mean_vila_cc": 0.15885111689567566,
    "pframes_ratio": 0.2504,
    "psnr": 33.095219,
    "ssim": 0.928772,
    "width": 720.0
}