{
    "aspect": 1.7777777777777777,
    "avg_bframe_qp": 28.11,
    "avg_iframe_qp": 25.0,
    "avg_pframe_qp": 25.94,
    "bframes_ratio": 0.744,
    "bitrate": 3883.11,
    "clip_genre_count": 6,
    "clip_genre_max": "portrait",
    "dover": 0.7347102419341335,
    "dover_res_0": -0.07497813552618027,
    "dover_res_1": 0.16509656608104706,
    "fastervqa_raw": 0.18264976143836975,
    "fastervqa_score": 0.7251428138936904,
    "fps": 25.0,
    "height": 720.0,
    "iframes_ratio": 0.004,
    "mean_avg_luminance": 131.2209014892578,
    "mean_avg_luminance_cc": 132.57313537597656,
    "mean_colorfulness": 48.93115997314453,
    "mean_colorfulness_cc": 60.400230407714844,
    "mean_musiq": 45.96239471435547,
    "mean_musiq_cc": 48.115901947021484,
    "mean_nima_a": 5.815760612487793,
    "mean_nima_a_cc": 5.816798210144043,
    "mean_nima_q": 4.757112979888916,
    "mean_nima_q_cc": 4.834261417388916,
    "mean_qalign_aesthetic": 2.517578125,
    "mean_qalign_aesthetic_cc": 2.30078125,
    "mean_qalign_quality": 3.52734375,
    "mean_qalign_quality_cc": 2.755859375,
    "mean_sharpness": 41.69379806518555,
    "mean_sharpness_cc": 56.71601104736328,
    "mean_si": 54.70899200439453,
    "mean_si_cc": 67.85676574707031,
    "mean_ssim_pair": 0.5289470553398132,
    "mean_ssim_pair_first": 0.3589478135108948,
    "mean_ti": 81.7851333618164,
    "mean_ti_first": 70.25392150878906,
    "mean_vila": 0.40195727348327637,
    "mean_vila_cc": 0.3794867992401123,
    "pframes_ratio": 0.252,
    "psnr": 37.288407,
    "ssim": 0.93981,
    "width": 1280.0
}