{
    "aspect": 1.3333333333333333,
    "avg_bframe_qp": 21.44,
    "avg_iframe_qp": 21.5,
    "avg_pframe_qp": 19.57,
    "bframes_ratio": 0.7467,
    "bitrate": 780.94,
    "clip_genre_count": 2,
    "clip_genre_max": "news",
    "dover": 0.5637421875196592,
    "dover_res_0": -0.06591428816318512,
    "dover_res_1": 0.08396798372268677,
    "fastervqa_raw": 0.16902296245098114,
    "fastervqa_score": 0.6440540900283185,
    "fps": 29.97,
    "height": 480.0,
    "iframes_ratio": 0.0033,
    "mean_avg_luminance": 136.87646484375,
    "mean_avg_luminance_cc": 116.01072692871094,
    "mean_colorfulness": 68.92442321777344,
    "mean_colorfulness_cc": 37.87537384033203,
    "mean_musiq": 55.92090606689453,
    "mean_musiq_cc": 52.25691604614258,
    "mean_nima_a": 5.695929527282715,
    "mean_nima_a_cc": 5.739272117614746,
    "mean_nima_q": 4.653810501098633,
    "mean_nima_q_cc": 4.470183372497559,
    "mean_qalign_aesthetic": 2.138671875,
    "mean_qalign_aesthetic_cc": 1.9375,
    "mean_qalign_quality": 3.484375,
    "mean_qalign_quality_cc": 3.20703125,
    "mean_sharpness": 35.44407653808594,
    "mean_sharpness_cc": 57.6547966003418,
    "mean_si": 66.78440856933594,
    "mean_si_cc": 81.8152084350586,
    "mean_ssim_pair": 0.8437952995300293,
    "mean_ssim_pair_first": 0.8008559346199036,
    "mean_ti": 111.61326599121094,
    "mean_ti_first": 97.36015319824219,
    "mean_vila": 0.2985391616821289,
    "mean_vila_cc": 0.18488183617591858,
    "pframes_ratio": 0.25,
    "psnr": 47.566124,
    "ssim": 0.990834,
    "width": 640.0
}