{
    "aspect": 1.3333333333333333,
    "avg_bframe_qp": 22.75,
    "avg_iframe_qp": 21.0,
    "avg_pframe_qp": 20.9,
    "bframes_ratio": 0.7479,
    "bitrate": 6384.21,
    "clip_genre_count": 2,
    "clip_genre_max": "vlog",
    "dover": 0.7946666583085227,
    "dover_res_0": -0.04805739223957062,
    "dover_res_1": 0.1758699119091034,
    "fastervqa_raw": 0.20992730557918549,
    "fastervqa_score": 0.8487724884114949,
    "fps": 47.95,
    "height": 960.0,
    "iframes_ratio": 0.0021,
    "mean_avg_luminance": 113.28824615478516,
    "mean_avg_luminance_cc": 105.2862319946289,
    "mean_colorfulness": 164.777099609375,
    "mean_colorfulness_cc": 156.7272491455078,
    "mean_musiq": 63.40400314331055,
    "mean_musiq_cc": 60.11102294921875,
    "mean_nima_a": 5.785346031188965,
    "mean_nima_a_cc": 5.86529541015625,
    "mean_nima_q": 5.181474685668945,
    "mean_nima_q_cc": 5.085545063018799,
    "mean_qalign_aesthetic": 3.56640625,
    "mean_qalign_aesthetic_cc": 2.341796875,
    "mean_qalign_quality": 4.078125,
    "mean_qalign_quality_cc": 3.146484375,
    "mean_sharpness": 10.15224552154541,
    "mean_sharpness_cc": 11.98822021484375,
    "mean_si": 40.56963348388672,
    "mean_si_cc": 42.85761642456055,
    "mean_ssim_pair": 0.7326078414916992,
    "mean_ssim_pair_first": 0.6203114986419678,
    "mean_ti": 103.95359802246094,
    "mean_ti_first": 73.69990539550781,
    "mean_vila": 0.6090479493141174,
    "mean_vila_cc": 0.4282435476779938,
    "pframes_ratio": 0.25,
    "psnr": 45.016988,
    "ssim": 0.983866,
    "width": 1280.0
}