{
    "aspect": 1.7777777777777777,
    "avg_bframe_qp": 33.05,
    "avg_iframe_qp": 26.0,
    "avg_pframe_qp": 30.66,
    "bframes_ratio": 0.7458,
    "bitrate": 11207.37,
    "clip_genre_count": 2,
    "clip_genre_max": "news",
    "dover": 0.4997630074222952,
    "dover_res_0": -0.09974619746208191,
    "dover_res_1": 0.08624084293842316,
    "fastervqa_raw": 0.17175345122814178,
    "fastervqa_score": 0.6611825445767988,
    "fps": 24.0,
    "height": 720.0,
    "iframes_ratio": 0.0042,
    "mean_avg_luminance": 115.98397064208984,
    "mean_avg_luminance_cc": 113.1989517211914,
    "mean_colorfulness": 162.1190185546875,
    "mean_colorfulness_cc": 161.50469970703125,
    "mean_musiq": 45.61878967285156,
    "mean_musiq_cc": 46.47999954223633,
    "mean_nima_a": 5.149918556213379,
    "mean_nima_a_cc": 5.334448337554932,
    "mean_nima_q": 4.69704532623291,
    "mean_nima_q_cc": 4.426974296569824,
    "mean_qalign_aesthetic": 2.30078125,
    "mean_qalign_aesthetic_cc": 1.4150390625,
    "mean_qalign_quality": 3.17578125,
    "mean_qalign_quality_cc": 2.24609375,
    "mean_sharpness": 66.83342742919922,
    "mean_sharpness_cc": 66.54070281982422,
    "mean_si": 120.17918395996094,
    "mean_si_cc": 116.83769226074219,
    "mean_ssim_pair": 0.15735116600990295,
    "mean_ssim_pair_first": 0.16970479488372803,
    "mean_ti": 77.9697265625,
    "mean_ti_first": 70.40272521972656,
    "mean_vila": 0.4075962007045746,
    "mean_vila_cc": 0.20047800242900848,
    "pframes_ratio": 0.25,
    "psnr": 33.220522,
    "ssim": 0.941922,
    "width": 1280.0
}