{
    "aspect": 1.7777777777777777,
    "avg_bframe_qp": 24.13,
    "avg_iframe_qp": 22.0,
    "avg_pframe_qp": 21.97,
    "bframes_ratio": 0.7481,
    "bitrate": 16692.54,
    "clip_genre_count": 1,
    "clip_genre_max": "sports",
    "dover": 0.7029253525547132,
    "dover_res_0": -0.05469479039311409,
    "dover_res_1": 0.13354451954364777,
    "fastervqa_raw": 0.20398886501789093,
    "fastervqa_score": 0.8264484949017703,
    "fps": 59.94,
    "height": 1080.0,
    "iframes_ratio": 0.0017,
    "mean_avg_luminance": 134.9369659423828,
    "mean_avg_luminance_cc": 144.5936279296875,
    "mean_colorfulness": 121.64222717285156,
    "mean_colorfulness_cc": 124.4066162109375,
    "mean_musiq": 46.516422271728516,
    "mean_musiq_cc": 49.98902130126953,
    "mean_nima_a": 5.4641218185424805,
    "mean_nima_a_cc": 5.175782203674316,
    "mean_nima_q": 4.457858085632324,
    "mean_nima_q_cc": 4.602793216705322,
    "mean_qalign_aesthetic": 2.228515625,
    "mean_qalign_aesthetic_cc": 1.947265625,
    "mean_qalign_quality": 3.677734375,
    "mean_qalign_quality_cc": 2.947265625,
    "mean_sharpness": 16.547853469848633,
    "mean_sharpness_cc": 31.916675567626953,
    "mean_si": 52.1729850769043,
    "mean_si_cc": 57.98151779174805,
    "mean_ssim_pair": 0.4852655529975891,
    "mean_ssim_pair_first": 0.4723244607448578,
    "mean_ti": 100.5933837890625,
    "mean_ti_first": 88.60597229003906,
    "mean_vila": 0.3973354697227478,
    "mean_vila_cc": 0.34543198347091675,
    "pframes_ratio": 0.2502,
    "psnr": 43.748271,
    "ssim": 0.983257,
    "width": 1920.0
}