{
    "aspect": 1.7733990147783252,
    "avg_bframe_qp": 28.6,
    "avg_iframe_qp": 24.0,
    "avg_pframe_qp": 26.49,
    "bframes_ratio": 0.744,
    "bitrate": 1532.78,
    "clip_genre_count": 1,
    "clip_genre_max": "sports",
    "dover": 0.48879612020042784,
    "dover_res_0": -0.08966657519340515,
    "dover_res_1": 0.07388748228549957,
    "fastervqa_raw": 0.1629042625427246,
    "fastervqa_score": 0.6043617789718828,
    "fps": 25.0,
    "height": 406.0,
    "iframes_ratio": 0.004,
    "mean_avg_luminance": 85.9256362915039,
    "mean_avg_luminance_cc": 102.46903228759766,
    "mean_colorfulness": 115.90412902832031,
    "mean_colorfulness_cc": 101.9875717163086,
    "mean_musiq": 70.88652038574219,
    "mean_musiq_cc": 72.33641815185547,
    "mean_nima_a": 5.050939559936523,
    "mean_nima_a_cc": 5.289305686950684,
    "mean_nima_q": 4.684485912322998,
    "mean_nima_q_cc": 4.832991123199463,
    "mean_qalign_aesthetic": 2.19921875,
    "mean_qalign_aesthetic_cc": 2.15625,
    "mean_qalign_quality": 3.185546875,
    "mean_qalign_quality_cc": 3.19140625,
    "mean_sharpness": 214.26065063476562,
    "mean_sharpness_cc": 260.594970703125,
    "mean_si": 131.0956573486328,
    "mean_si_cc": 130.35284423828125,
    "mean_ssim_pair": 0.3205256760120392,
    "mean_ssim_pair_first": 0.2637166976928711,
    "mean_ti": 101.65889739990234,
    "mean_ti_first": 88.41455078125,
    "mean_vila": 0.2790764570236206,
    "mean_vila_cc": 0.16734929382801056,
    "pframes_ratio": 0.252,
    "psnr": 36.853964,
    "ssim": 0.964556,
    "width": 720.0
}