{
    "aspect": 1.7475728155339805,
    "avg_bframe_qp": 26.38,
    "avg_iframe_qp": 22.5,
    "avg_pframe_qp": 24.22,
    "bframes_ratio": 0.744,
    "bitrate": 1207.68,
    "clip_genre_count": 1,
    "clip_genre_max": "news",
    "dover": 0.3560889183832976,
    "dover_res_0": -0.11156655102968216,
    "dover_res_1": 0.038452304899692535,
    "fastervqa_raw": 0.12454023212194443,
    "fastervqa_score": 0.34569255909694063,
    "fps": 25.0,
    "height": 412.0,
    "iframes_ratio": 0.004,
    "mean_avg_luminance": 73.08487701416016,
    "mean_avg_luminance_cc": 92.82655334472656,
    "mean_colorfulness": 140.94271850585938,
    "mean_colorfulness_cc": 143.51377868652344,
    "mean_musiq": 43.63120651245117,
    "mean_musiq_cc": 43.19614028930664,
    "mean_nima_a": 5.133813858032227,
    "mean_nima_a_cc": 5.3872480392456055,
    "mean_nima_q": 4.25005578994751,
    "mean_nima_q_cc": 4.358030319213867,
    "mean_qalign_aesthetic": 2.064453125,
    "mean_qalign_aesthetic_cc": 1.7763671875,
    "mean_qalign_quality": 3.07421875,
    "mean_qalign_quality_cc": 2.80078125,
    "mean_sharpness": 45.806617736816406,
    "mean_sharpness_cc": 38.1350212097168,
    "mean_si": 94.05241394042969,
    "mean_si_cc": 96.41490936279297,
    "mean_ssim_pair": 0.49453505873680115,
    "mean_ssim_pair_first": 0.2583112418651581,
    "mean_ti": 77.46217346191406,
    "mean_ti_first": 54.918540954589844,
    "mean_vila": 0.26375317573547363,
    "mean_vila_cc": 0.13314206898212433,
    "pframes_ratio": 0.252,
    "psnr": 40.784934,
    "ssim": 0.972317,
    "width": 720.0
}