{
    "aspect": 1.7777777777777777,
    "avg_bframe_qp": 24.21,
    "avg_iframe_qp": 22.0,
    "avg_pframe_qp": 22.23,
    "bframes_ratio": 0.7479,
    "bitrate": 16998.99,
    "clip_genre_count": 1,
    "clip_genre_max": "sports",
    "dover": 0.5754287822108081,
    "dover_res_0": -0.11817922443151474,
    "dover_res_1": 0.13060292601585388,
    "fastervqa_raw": 0.1489126980304718,
    "fastervqa_score": 0.5091152590604819,
    "fps": 59.94,
    "height": 1080.0,
    "iframes_ratio": 0.0017,
    "mean_avg_luminance": 102.0893325805664,
    "mean_avg_luminance_cc": 120.6221923828125,
    "mean_colorfulness": 142.12344360351562,
    "mean_colorfulness_cc": 132.3422393798828,
    "mean_musiq": 43.764137268066406,
    "mean_musiq_cc": 38.47673034667969,
    "mean_nima_a": 4.927647113800049,
    "mean_nima_a_cc": 5.219517707824707,
    "mean_nima_q": 4.314942836761475,
    "mean_nima_q_cc": 4.315436363220215,
    "mean_qalign_aesthetic": 2.32421875,
    "mean_qalign_aesthetic_cc": 1.306640625,
    "mean_qalign_quality": 3.77734375,
    "mean_qalign_quality_cc": 2.16015625,
    "mean_sharpness": 25.561878204345703,
    "mean_sharpness_cc": 37.05418395996094,
    "mean_si": 84.09935760498047,
    "mean_si_cc": 100.39352416992188,
    "mean_ssim_pair": 0.5461776852607727,
    "mean_ssim_pair_first": 0.4451277256011963,
    "mean_ti": 108.73445892333984,
    "mean_ti_first": 97.8199691772461,
    "mean_vila": 0.2745338976383209,
    "mean_vila_cc": 0.23752956092357635,
    "pframes_ratio": 0.2504,
    "psnr": 43.169162,
    "ssim": 0.986752,
    "width": 1920.0
}