{
    "aspect": 1.7777777777777777,
    "avg_bframe_qp": 28.43,
    "avg_iframe_qp": 22.0,
    "avg_pframe_qp": 26.29,
    "bframes_ratio": 0.7455,
    "bitrate": 4219.25,
    "clip_genre_count": 4,
    "clip_genre_max": "sports",
    "dover": 0.5522354460345883,
    "dover_res_0": -0.07588523626327515,
    "dover_res_1": 0.08746429532766342,
    "fastervqa_raw": 0.11083728820085526,
    "fastervqa_score": 0.2655638378502067,
    "fps": 25.0,
    "height": 720.0,
    "iframes_ratio": 0.004,
    "mean_avg_luminance": 107.08534240722656,
    "mean_avg_luminance_cc": 117.1470947265625,
    "mean_colorfulness": 109.35372161865234,
    "mean_colorfulness_cc": 110.43741607666016,
    "mean_musiq": 51.6812858581543,
    "mean_musiq_cc": 50.9830436706543,
    "mean_nima_a": 5.197505950927734,
    "mean_nima_a_cc": 5.293284893035889,
    "mean_nima_q": 4.7406463623046875,
    "mean_nima_q_cc": 4.726870059967041,
    "mean_qalign_aesthetic": 2.060546875,
    "mean_qalign_aesthetic_cc": 1.767578125,
    "mean_qalign_quality": 3.302734375,
    "mean_qalign_quality_cc": 2.712890625,
    "mean_sharpness": 90.71418762207031,
    "mean_sharpness_cc": 113.24190521240234,
    "mean_si": 74.6505126953125,
    "mean_si_cc": 85.4920654296875,
    "mean_ssim_pair": 0.31148800253868103,
    "mean_ssim_pair_first": 0.16996203362941742,
    "mean_ti": 81.16189575195312,
    "mean_ti_first": 74.68437194824219,
    "mean_vila": 0.30601468682289124,
    "mean_vila_cc": 0.2706299424171448,
    "pframes_ratio": 0.2505,
    "psnr": 35.914385,
    "ssim": 0.966332,
    "width": 1280.0
}