{
    "aspect": 1.7777777777777777,
    "avg_bframe_qp": 30.34,
    "avg_iframe_qp": 23.0,
    "avg_pframe_qp": 24.66,
    "bframes_ratio": 0.7453,
    "bitrate": 24108.52,
    "clip_genre_count": 4,
    "clip_genre_max": "sports",
    "dover": 0.7362841953374198,
    "dover_res_0": -0.061886388808488846,
    "dover_res_1": 0.1553555279970169,
    "fastervqa_raw": 0.20150871574878693,
    "fastervqa_score": 0.8163822623496804,
    "fps": 23.98,
    "height": 2160.0,
    "iframes_ratio": 0.0042,
    "mean_avg_luminance": 134.82530212402344,
    "mean_avg_luminance_cc": 117.8997573852539,
    "mean_colorfulness": 145.2595977783203,
    "mean_colorfulness_cc": 152.44631958007812,
    "mean_musiq": 48.6259651184082,
    "mean_musiq_cc": 61.17695236206055,
    "mean_nima_a": 5.475517272949219,
    "mean_nima_a_cc": 5.381726264953613,
    "mean_nima_q": 4.846998691558838,
    "mean_nima_q_cc": 4.583552360534668,
    "mean_qalign_aesthetic": 2.7734375,
    "mean_qalign_aesthetic_cc": 1.9873046875,
    "mean_qalign_quality": 4.30859375,
    "mean_qalign_quality_cc": 3.01953125,
    "mean_sharpness": 14.222829818725586,
    "mean_sharpness_cc": 31.16371726989746,
    "mean_si": 63.18968963623047,
    "mean_si_cc": 90.72447204589844,
    "mean_ssim_pair": 0.7036886215209961,
    "mean_ssim_pair_first": 0.7209158539772034,
    "mean_ti": 104.45792388916016,
    "mean_ti_first": 97.17982482910156,
    "mean_vila": 0.4737817347049713,
    "mean_vila_cc": 0.41212353110313416,
    "pframes_ratio": 0.2505,
    "psnr": 40.573511,
    "ssim": 0.968617,
    "width": 3840.0
}