{
    "aspect": 1.9617486338797814,
    "avg_bframe_qp": 33.1,
    "avg_iframe_qp": 26.0,
    "avg_pframe_qp": 30.58,
    "bframes_ratio": 0.7462,
    "bitrate": 2582.02,
    "clip_genre_count": 2,
    "clip_genre_max": "news",
    "dover": 0.3147308894529982,
    "dover_res_0": -0.14228351414203644,
    "dover_res_1": 0.04515659436583519,
    "fastervqa_raw": 0.09455312043428421,
    "fastervqa_score": 0.18726172851656211,
    "fps": 29.97,
    "height": 366.0,
    "iframes_ratio": 0.0033,
    "mean_avg_luminance": 108.8672866821289,
    "mean_avg_luminance_cc": 110.55525970458984,
    "mean_colorfulness": 112.3367691040039,
    "mean_colorfulness_cc": 108.79402923583984,
    "mean_musiq": 36.89080810546875,
    "mean_musiq_cc": 35.04600524902344,
    "mean_nima_a": 5.327490329742432,
    "mean_nima_a_cc": 5.373255729675293,
    "mean_nima_q": 4.311619758605957,
    "mean_nima_q_cc": 4.264155864715576,
    "mean_qalign_aesthetic": 2.08203125,
    "mean_qalign_aesthetic_cc": 1.6376953125,
    "mean_qalign_quality": 3.123046875,
    "mean_qalign_quality_cc": 2.17578125,
    "mean_sharpness": 275.0542907714844,
    "mean_sharpness_cc": 298.3263854980469,
    "mean_si": 121.7340087890625,
    "mean_si_cc": 115.36177825927734,
    "mean_ssim_pair": 0.1853317767381668,
    "mean_ssim_pair_first": 0.1905362755060196,
    "mean_ti": 82.34446716308594,
    "mean_ti_first": 74.9671401977539,
    "mean_vila": 0.2636081278324127,
    "mean_vila_cc": 0.1772194653749466,
    "pframes_ratio": 0.2504,
    "psnr": 32.885529,
    "ssim": 0.914126,
    "width": 718.0
}