{
    "aspect": 1.7777777777777777,
    "avg_bframe_qp": 35.67,
    "avg_iframe_qp": 25.5,
    "avg_pframe_qp": 28.06,
    "bframes_ratio": 0.7462,
    "bitrate": 24110.56,
    "clip_genre_count": 1,
    "clip_genre_max": "sports",
    "dover": 0.799278220434301,
    "dover_res_0": -0.06150519475340843,
    "dover_res_1": 0.18944180011749268,
    "fastervqa_raw": 0.20610365271568298,
    "fastervqa_score": 0.8346831969179018,
    "fps": 29.97,
    "height": 2160.0,
    "iframes_ratio": 0.0033,
    "mean_avg_luminance": 110.60987854003906,
    "mean_avg_luminance_cc": 112.5982894897461,
    "mean_colorfulness": 138.21493530273438,
    "mean_colorfulness_cc": 122.83460998535156,
    "mean_musiq": 36.869651794433594,
    "mean_musiq_cc": 55.30332565307617,
    "mean_nima_a": 4.9843645095825195,
    "mean_nima_a_cc": 5.3402605056762695,
    "mean_nima_q": 4.7737836837768555,
    "mean_nima_q_cc": 4.819878101348877,
    "mean_qalign_aesthetic": 2.337890625,
    "mean_qalign_aesthetic_cc": 1.830078125,
    "mean_qalign_quality": 4.2578125,
    "mean_qalign_quality_cc": 2.93359375,
    "mean_sharpness": 58.525657653808594,
    "mean_sharpness_cc": 64.61044311523438,
    "mean_si": 96.92994689941406,
    "mean_si_cc": 103.77961730957031,
    "mean_ssim_pair": 0.41939401626586914,
    "mean_ssim_pair_first": 0.3148081302642822,
    "mean_ti": 102.8812484741211,
    "mean_ti_first": 90.86490631103516,
    "mean_vila": 0.3647235035896301,
    "mean_vila_cc": 0.4432710111141205,
    "pframes_ratio": 0.2504,
    "psnr": 35.957964,
    "ssim": 0.933876,
    "width": 3840.0
}