{
    "aspect": 1.3333333333333333,
    "avg_bframe_qp": 34.63,
    "avg_iframe_qp": 28.0,
    "avg_pframe_qp": 30.52,
    "bframes_ratio": 0.7455,
    "bitrate": 11178.94,
    "clip_genre_count": 1,
    "clip_genre_max": "sports",
    "dover": 0.49209780953364124,
    "dover_res_0": -0.1259462982416153,
    "dover_res_1": 0.10433340072631836,
    "fastervqa_raw": 0.13537243008613586,
    "fastervqa_score": 0.4162338385159128,
    "fps": 25.0,
    "height": 1080.0,
    "iframes_ratio": 0.004,
    "mean_avg_luminance": 114.760009765625,
    "mean_avg_luminance_cc": 120.067138671875,
    "mean_colorfulness": 100.36405944824219,
    "mean_colorfulness_cc": 123.5515365600586,
    "mean_musiq": 42.54320526123047,
    "mean_musiq_cc": 42.446800231933594,
    "mean_nima_a": 4.775494575500488,
    "mean_nima_a_cc": 4.94737434387207,
    "mean_nima_q": 4.79274845123291,
    "mean_nima_q_cc": 4.6051926612854,
    "mean_qalign_aesthetic": 2.42578125,
    "mean_qalign_aesthetic_cc": 1.681640625,
    "mean_qalign_quality": 3.48828125,
    "mean_qalign_quality_cc": 1.728515625,
    "mean_sharpness": 200.79513549804688,
    "mean_sharpness_cc": 241.70681762695312,
    "mean_si": 79.80487823486328,
    "mean_si_cc": 85.0271224975586,
    "mean_ssim_pair": 0.2576664090156555,
    "mean_ssim_pair_first": 0.2594241797924042,
    "mean_ti": 91.99803161621094,
    "mean_ti_first": 69.31537628173828,
    "mean_vila": 0.35786065459251404,
    "mean_vila_cc": 0.31106773018836975,
    "pframes_ratio": 0.2505,
    "psnr": 33.673216,
    "ssim": 0.935655,
    "width": 1440.0
}