{
    "aspect": 1.7777777777777777,
    "avg_bframe_qp": 34.87,
    "avg_iframe_qp": 25.5,
    "avg_pframe_qp": 30.39,
    "bframes_ratio": 0.744,
    "bitrate": 11279.32,
    "clip_genre_count": 1,
    "clip_genre_max": "sports",
    "dover": 0.432515948253989,
    "dover_res_0": -0.16327926516532898,
    "dover_res_1": 0.11109953373670578,
    "fastervqa_raw": 0.1665784865617752,
    "fastervqa_score": 0.6283989977085682,
    "fps": 25.0,
    "height": 1080.0,
    "iframes_ratio": 0.004,
    "mean_avg_luminance": 136.79931640625,
    "mean_avg_luminance_cc": 161.69406127929688,
    "mean_colorfulness": 80.0562515258789,
    "mean_colorfulness_cc": 64.83570861816406,
    "mean_musiq": 27.513586044311523,
    "mean_musiq_cc": 35.064308166503906,
    "mean_nima_a": 4.786581516265869,
    "mean_nima_a_cc": 4.942768096923828,
    "mean_nima_q": 4.602468490600586,
    "mean_nima_q_cc": 4.712185859680176,
    "mean_qalign_aesthetic": 2.337890625,
    "mean_qalign_aesthetic_cc": 1.490234375,
    "mean_qalign_quality": 3.095703125,
    "mean_qalign_quality_cc": 1.4716796875,
    "mean_sharpness": 342.32366943359375,
    "mean_sharpness_cc": 399.8577880859375,
    "mean_si": 84.17909240722656,
    "mean_si_cc": 89.33399963378906,
    "mean_ssim_pair": 0.21711483597755432,
    "mean_ssim_pair_first": 0.2118488848209381,
    "mean_ti": 89.22733306884766,
    "mean_ti_first": 78.24346923828125,
    "mean_vila": 0.37083151936531067,
    "mean_vila_cc": 0.2766733765602112,
    "pframes_ratio": 0.252,
    "psnr": 33.067693,
    "ssim": 0.932571,
    "width": 1920.0
}