{
    "aspect": 1.7777777777777777,
    "avg_bframe_qp": 26.26,
    "avg_iframe_qp": 23.0,
    "avg_pframe_qp": 21.52,
    "bframes_ratio": 0.7467,
    "bitrate": 23570.64,
    "clip_genre_count": 4,
    "clip_genre_max": "sports",
    "dover": 0.712858795951082,
    "dover_res_0": -0.10125721246004105,
    "dover_res_1": 0.17563091218471527,
    "fastervqa_raw": 0.17114931344985962,
    "fastervqa_score": 0.6574270888456027,
    "fps": 29.97,
    "height": 2160.0,
    "iframes_ratio": 0.0033,
    "mean_avg_luminance": 102.60987854003906,
    "mean_avg_luminance_cc": 84.95828247070312,
    "mean_colorfulness": 154.37310791015625,
    "mean_colorfulness_cc": 135.59129333496094,
    "mean_musiq": 29.69692039489746,
    "mean_musiq_cc": 34.72702407836914,
    "mean_nima_a": 5.170180797576904,
    "mean_nima_a_cc": 5.347984313964844,
    "mean_nima_q": 4.6136040687561035,
    "mean_nima_q_cc": 4.599642753601074,
    "mean_qalign_aesthetic": 2.17578125,
    "mean_qalign_aesthetic_cc": 1.2138671875,
    "mean_qalign_quality": 3.62109375,
    "mean_qalign_quality_cc": 1.953125,
    "mean_sharpness": 13.881360054016113,
    "mean_sharpness_cc": 7.816962242126465,
    "mean_si": 56.54270553588867,
    "mean_si_cc": 45.33647537231445,
    "mean_ssim_pair": 0.7428337335586548,
    "mean_ssim_pair_first": 0.6657193899154663,
    "mean_ti": 96.7021255493164,
    "mean_ti_first": 90.00279235839844,
    "mean_vila": 0.31068217754364014,
    "mean_vila_cc": 0.2946033179759979,
    "pframes_ratio": 0.25,
    "psnr": 45.037455,
    "ssim": 0.985692,
    "width": 3840.0
}