{
    "aspect": 1.8181818181818181,
    "avg_bframe_qp": 30.31,
    "avg_iframe_qp": 26.33,
    "avg_pframe_qp": 27.98,
    "bframes_ratio": 0.7454,
    "bitrate": 1481.47,
    "clip_genre_count": 4,
    "clip_genre_max": "sports",
    "dover": 0.3956498830748489,
    "dover_res_0": -0.09417145699262619,
    "dover_res_1": 0.04081514850258827,
    "fastervqa_raw": 0.16469846665859222,
    "fastervqa_score": 0.6161707311597019,
    "fps": 30.02,
    "height": 352.0,
    "iframes_ratio": 0.005,
    "mean_avg_luminance": 117.20603942871094,
    "mean_avg_luminance_cc": 123.62945556640625,
    "mean_colorfulness": 158.5319366455078,
    "mean_colorfulness_cc": 153.8819580078125,
    "mean_musiq": 58.43421173095703,
    "mean_musiq_cc": 57.7192268371582,
    "mean_nima_a": 5.41600227355957,
    "mean_nima_a_cc": 5.5858354568481445,
    "mean_nima_q": 4.721983432769775,
    "mean_nima_q_cc": 4.518913745880127,
    "mean_qalign_aesthetic": 2.08984375,
    "mean_qalign_aesthetic_cc": 1.912109375,
    "mean_qalign_quality": 2.99609375,
    "mean_qalign_quality_cc": 2.802734375,
    "mean_sharpness": 86.38668823242188,
    "mean_sharpness_cc": 114.88914489746094,
    "mean_si": 104.34336853027344,
    "mean_si_cc": 122.47265625,
    "mean_ssim_pair": 0.25175172090530396,
    "mean_ssim_pair_first": 0.26090213656425476,
    "mean_ti": 88.72325134277344,
    "mean_ti_first": 76.48819732666016,
    "mean_vila": 0.22446805238723755,
    "mean_vila_cc": 0.16955827176570892,
    "pframes_ratio": 0.2496,
    "psnr": 37.208432,
    "ssim": 0.962171,
    "width": 640.0
}