{
    "aspect": 1.8,
    "avg_bframe_qp": 29.72,
    "avg_iframe_qp": 23.5,
    "avg_pframe_qp": 27.22,
    "bframes_ratio": 0.7467,
    "bitrate": 2043.1,
    "clip_genre_count": 4,
    "clip_genre_max": "news",
    "dover": 0.2849261229101961,
    "dover_res_0": -0.12125767767429352,
    "dover_res_1": 0.014492057263851166,
    "fastervqa_raw": 0.07697395980358124,
    "fastervqa_score": 0.12407502374529918,
    "fps": 29.97,
    "height": 400.0,
    "iframes_ratio": 0.0033,
    "mean_avg_luminance": 117.65925598144531,
    "mean_avg_luminance_cc": 109.47941589355469,
    "mean_colorfulness": 78.2445068359375,
    "mean_colorfulness_cc": 73.83375549316406,
    "mean_musiq": 46.08588409423828,
    "mean_musiq_cc": 44.731536865234375,
    "mean_nima_a": 5.228218078613281,
    "mean_nima_a_cc": 5.303083896636963,
    "mean_nima_q": 4.473013401031494,
    "mean_nima_q_cc": 4.637872219085693,
    "mean_qalign_aesthetic": 2.169921875,
    "mean_qalign_aesthetic_cc": 2.16015625,
    "mean_qalign_quality": 2.98828125,
    "mean_qalign_quality_cc": 2.955078125,
    "mean_sharpness": 373.3277282714844,
    "mean_sharpness_cc": 462.4825744628906,
    "mean_si": 111.32572937011719,
    "mean_si_cc": 109.69120788574219,
    "mean_ssim_pair": 0.2352859526872635,
    "mean_ssim_pair_first": 0.26754385232925415,
    "mean_ti": 80.2397232055664,
    "mean_ti_first": 68.4024429321289,
    "mean_vila": 0.2560240626335144,
    "mean_vila_cc": 0.2061375379562378,
    "pframes_ratio": 0.25,
    "psnr": 33.830078,
    "ssim": 0.975011,
    "width": 720.0
}