{
    "aspect": 1.7777777777777777,
    "avg_bframe_qp": 21.41,
    "avg_iframe_qp": 20.5,
    "avg_pframe_qp": 19.42,
    "bframes_ratio": 0.7455,
    "bitrate": 1508.69,
    "clip_genre_count": 1,
    "clip_genre_max": "news",
    "dover": 0.88236652478653,
    "dover_res_0": -0.030431736260652542,
    "dover_res_1": 0.22580261528491974,
    "fastervqa_raw": 0.19719251990318298,
    "fastervqa_score": 0.7977964503362075,
    "fps": 25.0,
    "height": 720.0,
    "iframes_ratio": 0.004,
    "mean_avg_luminance": 143.87417602539062,
    "mean_avg_luminance_cc": 119.14852142333984,
    "mean_colorfulness": 140.70431518554688,
    "mean_colorfulness_cc": 142.15565490722656,
    "mean_musiq": 59.21046829223633,
    "mean_musiq_cc": 59.492225646972656,
    "mean_nima_a": 5.695553779602051,
    "mean_nima_a_cc": 5.677667140960693,
    "mean_nima_q": 3.7012038230895996,
    "mean_nima_q_cc": 4.2064995765686035,
    "mean_qalign_aesthetic": 2.85546875,
    "mean_qalign_aesthetic_cc": 2.111328125,
    "mean_qalign_quality": 4.58203125,
    "mean_qalign_quality_cc": 3.71875,
    "mean_sharpness": 62.56327438354492,
    "mean_sharpness_cc": 20.196269989013672,
    "mean_si": 86.88410949707031,
    "mean_si_cc": 81.6556625366211,
    "mean_ssim_pair": 0.9069286584854126,
    "mean_ssim_pair_first": 0.6613011956214905,
    "mean_ti": 103.8689956665039,
    "mean_ti_first": 81.86564636230469,
    "mean_vila": 0.39296916127204895,
    "mean_vila_cc": 0.3200514316558838,
    "pframes_ratio": 0.2505,
    "psnr": 47.99246,
    "ssim": 0.993232,
    "width": 1280.0
}