{
    "aspect": 1.7777777777777777,
    "avg_bframe_qp": 20.92,
    "avg_iframe_qp": 20.5,
    "avg_pframe_qp": 19.0,
    "bframes_ratio": 0.7467,
    "bitrate": 1198.91,
    "clip_genre_count": 3,
    "clip_genre_max": "unsharp",
    "dover": 0.8995852941255426,
    "dover_res_0": -0.011231191456317902,
    "dover_res_1": 0.22756986320018768,
    "fastervqa_raw": 0.22027252614498138,
    "fastervqa_score": 0.8819787440030149,
    "fps": 29.97,
    "height": 720.0,
    "iframes_ratio": 0.0033,
    "mean_avg_luminance": 121.12548828125,
    "mean_avg_luminance_cc": 128.9180908203125,
    "mean_colorfulness": 46.01032257080078,
    "mean_colorfulness_cc": 66.57122039794922,
    "mean_musiq": 61.85004425048828,
    "mean_musiq_cc": 60.361228942871094,
    "mean_nima_a": 5.674414157867432,
    "mean_nima_a_cc": 5.8969807624816895,
    "mean_nima_q": 4.302763938903809,
    "mean_nima_q_cc": 4.799490928649902,
    "mean_qalign_aesthetic": 2.990234375,
    "mean_qalign_aesthetic_cc": 2.662109375,
    "mean_qalign_quality": 4.68359375,
    "mean_qalign_quality_cc": 4.0234375,
    "mean_sharpness": 55.91607666015625,
    "mean_sharpness_cc": 71.26707458496094,
    "mean_si": 89.16293334960938,
    "mean_si_cc": 101.631591796875,
    "mean_ssim_pair": 0.9025242924690247,
    "mean_ssim_pair_first": 0.4336093068122864,
    "mean_ti": 87.98737335205078,
    "mean_ti_first": 77.95543670654297,
    "mean_vila": 0.5176692605018616,
    "mean_vila_cc": 0.40985289216041565,
    "pframes_ratio": 0.25,
    "psnr": 45.597567,
    "ssim": 0.987515,
    "width": 1280.0
}