{
    "aspect": 1.3333333333333333,
    "avg_bframe_qp": 27.38,
    "avg_iframe_qp": 23.5,
    "avg_pframe_qp": 25.54,
    "bframes_ratio": 0.7462,
    "bitrate": 1536.73,
    "clip_genre_count": 3,
    "clip_genre_max": "sports",
    "dover": 0.5783407748479245,
    "dover_res_0": -0.09987780451774597,
    "dover_res_1": 0.11704563349485397,
    "fastervqa_raw": 0.1526802033185959,
    "fastervqa_score": 0.535124152078894,
    "fps": 29.97,
    "height": 480.0,
    "iframes_ratio": 0.0033,
    "mean_avg_luminance": 71.2546157836914,
    "mean_avg_luminance_cc": 69.36199951171875,
    "mean_colorfulness": 148.82113647460938,
    "mean_colorfulness_cc": 151.16107177734375,
    "mean_musiq": 63.051727294921875,
    "mean_musiq_cc": 65.42427062988281,
    "mean_nima_a": 5.080912113189697,
    "mean_nima_a_cc": 5.321825981140137,
    "mean_nima_q": 4.548037052154541,
    "mean_nima_q_cc": 5.026230812072754,
    "mean_qalign_aesthetic": 2.09765625,
    "mean_qalign_aesthetic_cc": 1.962890625,
    "mean_qalign_quality": 3.228515625,
    "mean_qalign_quality_cc": 3.115234375,
    "mean_sharpness": 81.85356140136719,
    "mean_sharpness_cc": 121.3226318359375,
    "mean_si": 125.11236572265625,
    "mean_si_cc": 146.63088989257812,
    "mean_ssim_pair": 0.8017820119857788,
    "mean_ssim_pair_first": 0.6234588623046875,
    "mean_ti": 110.0217514038086,
    "mean_ti_first": 95.6620864868164,
    "mean_vila": 0.30974313616752625,
    "mean_vila_cc": 0.16253110766410828,
    "pframes_ratio": 0.2504,
    "psnr": 38.873001,
    "ssim": 0.970566,
    "width": 640.0
}