{
    "aspect": 1.7777777777777777,
    "avg_bframe_qp": 27.24,
    "avg_iframe_qp": 22.0,
    "avg_pframe_qp": 24.99,
    "bframes_ratio": 0.7476,
    "bitrate": 8461.44,
    "clip_genre_count": 2,
    "clip_genre_max": "text",
    "dover": 0.07675077943725184,
    "dover_res_0": -0.16799749433994293,
    "dover_res_1": -0.09974317997694016,
    "fastervqa_raw": 0.07099393755197525,
    "fastervqa_score": 0.1071788480685076,
    "fps": 53.57,
    "height": 720.0,
    "iframes_ratio": 0.0024,
    "mean_avg_luminance": 15.358884811401367,
    "mean_avg_luminance_cc": 16.456205368041992,
    "mean_colorfulness": 162.40525817871094,
    "mean_colorfulness_cc": 157.62808227539062,
    "mean_musiq": 37.85943603515625,
    "mean_musiq_cc": 37.28435516357422,
    "mean_nima_a": 4.9768757820129395,
    "mean_nima_a_cc": 5.602756977081299,
    "mean_nima_q": 4.354957580566406,
    "mean_nima_q_cc": 4.534763336181641,
    "mean_qalign_aesthetic": 1.53125,
    "mean_qalign_aesthetic_cc": 1.388671875,
    "mean_qalign_quality": 1.9501953125,
    "mean_qalign_quality_cc": 1.3662109375,
    "mean_sharpness": 9.106017112731934,
    "mean_sharpness_cc": 7.21096134185791,
    "mean_si": 54.49708557128906,
    "mean_si_cc": 47.13737869262695,
    "mean_ssim_pair": 0.5696345567703247,
    "mean_ssim_pair_first": 0.5913817286491394,
    "mean_ti": 93.72453308105469,
    "mean_ti_first": 74.75873565673828,
    "mean_vila": 0.35041487216949463,
    "mean_vila_cc": 0.2192535400390625,
    "pframes_ratio": 0.25,
    "psnr": 42.652054,
    "ssim": 0.970734,
    "width": 1280.0
}