{
    "aspect": 1.3333333333333333,
    "avg_bframe_qp": 23.52,
    "avg_iframe_qp": 21.5,
    "avg_pframe_qp": 21.87,
    "bframes_ratio": 0.7462,
    "bitrate": 1259.55,
    "clip_genre_count": 2,
    "clip_genre_max": "vlog",
    "dover": 0.3089693986074032,
    "dover_res_0": -0.11241589486598969,
    "dover_res_1": 0.01854456216096878,
    "fastervqa_raw": 0.15058758854866028,
    "fastervqa_score": 0.5206923278466146,
    "fps": 29.97,
    "height": 480.0,
    "iframes_ratio": 0.0033,
    "mean_avg_luminance": 71.13542175292969,
    "mean_avg_luminance_cc": 90.33231353759766,
    "mean_colorfulness": 146.30064392089844,
    "mean_colorfulness_cc": 147.56370544433594,
    "mean_musiq": 43.79332733154297,
    "mean_musiq_cc": 42.24300765991211,
    "mean_nima_a": 5.3275628089904785,
    "mean_nima_a_cc": 5.903762340545654,
    "mean_nima_q": 3.6913723945617676,
    "mean_nima_q_cc": 4.028318881988525,
    "mean_qalign_aesthetic": 1.8017578125,
    "mean_qalign_aesthetic_cc": 1.6376953125,
    "mean_qalign_quality": 2.95703125,
    "mean_qalign_quality_cc": 2.83203125,
    "mean_sharpness": 53.41217803955078,
    "mean_sharpness_cc": 41.499473571777344,
    "mean_si": 101.50982666015625,
    "mean_si_cc": 90.4637451171875,
    "mean_ssim_pair": 0.815931499004364,
    "mean_ssim_pair_first": 0.7950984835624695,
    "mean_ti": 105.64869689941406,
    "mean_ti_first": 100.02328491210938,
    "mean_vila": 0.2659619152545929,
    "mean_vila_cc": 0.10711173713207245,
    "pframes_ratio": 0.2504,
    "psnr": 42.016237,
    "ssim": 0.988137,
    "width": 640.0
}