{
    "aspect": 1.3333333333333333,
    "avg_bframe_qp": 27.37,
    "avg_iframe_qp": 23.5,
    "avg_pframe_qp": 25.2,
    "bframes_ratio": 0.7467,
    "bitrate": 1654.64,
    "clip_genre_count": 3,
    "clip_genre_max": "news",
    "dover": 0.6599568095166642,
    "dover_res_0": -0.08137710392475128,
    "dover_res_1": 0.13579905033111572,
    "fastervqa_raw": 0.20298932492733002,
    "fastervqa_score": 0.8224450514456231,
    "fps": 30.0,
    "height": 480.0,
    "iframes_ratio": 0.0033,
    "mean_avg_luminance": 85.73700714111328,
    "mean_avg_luminance_cc": 97.34542083740234,
    "mean_colorfulness": 161.5164794921875,
    "mean_colorfulness_cc": 161.8507843017578,
    "mean_musiq": 48.898475646972656,
    "mean_musiq_cc": 49.145362854003906,
    "mean_nima_a": 5.344814777374268,
    "mean_nima_a_cc": 5.686467170715332,
    "mean_nima_q": 4.682913780212402,
    "mean_nima_q_cc": 4.546750068664551,
    "mean_qalign_aesthetic": 2.1875,
    "mean_qalign_aesthetic_cc": 1.8935546875,
    "mean_qalign_quality": 3.14453125,
    "mean_qalign_quality_cc": 2.99609375,
    "mean_sharpness": 13.785621643066406,
    "mean_sharpness_cc": 11.602304458618164,
    "mean_si": 51.8090705871582,
    "mean_si_cc": 44.30635070800781,
    "mean_ssim_pair": 0.5043971538543701,
    "mean_ssim_pair_first": 0.5059794187545776,
    "mean_ti": 90.49864959716797,
    "mean_ti_first": 77.70216369628906,
    "mean_vila": 0.2917601466178894,
    "mean_vila_cc": 0.16520509123802185,
    "pframes_ratio": 0.25,
    "psnr": 39.803989,
    "ssim": 0.954094,
    "width": 640.0
}