{
    "aspect": 1.7777777777777777,
    "avg_bframe_qp": 21.37,
    "avg_iframe_qp": 20.5,
    "avg_pframe_qp": 19.46,
    "bframes_ratio": 0.7467,
    "bitrate": 3369.06,
    "clip_genre_count": 2,
    "clip_genre_max": "news",
    "dover": 0.7460517378595725,
    "dover_res_0": -0.12433092296123505,
    "dover_res_1": 0.21048873662948608,
    "fastervqa_raw": 0.1037726104259491,
    "fastervqa_score": 0.22921336288055053,
    "fps": 29.97,
    "height": 1080.0,
    "iframes_ratio": 0.0033,
    "mean_avg_luminance": 118.69374084472656,
    "mean_avg_luminance_cc": 112.75450134277344,
    "mean_colorfulness": 53.072998046875,
    "mean_colorfulness_cc": 46.530208587646484,
    "mean_musiq": 32.57164764404297,
    "mean_musiq_cc": 33.96680450439453,
    "mean_nima_a": 5.290687561035156,
    "mean_nima_a_cc": 5.476313591003418,
    "mean_nima_q": 4.687494277954102,
    "mean_nima_q_cc": 4.7053422927856445,
    "mean_qalign_aesthetic": 2.62890625,
    "mean_qalign_aesthetic_cc": 1.599609375,
    "mean_qalign_quality": 3.828125,
    "mean_qalign_quality_cc": 2.005859375,
    "mean_sharpness": 8.039006233215332,
    "mean_sharpness_cc": 9.652883529663086,
    "mean_si": 44.453697204589844,
    "mean_si_cc": 45.149776458740234,
    "mean_ssim_pair": 0.5501959919929504,
    "mean_ssim_pair_first": 0.43206948041915894,
    "mean_ti": 96.64057922363281,
    "mean_ti_first": 73.63999938964844,
    "mean_vila": 0.48780712485313416,
    "mean_vila_cc": 0.32592785358428955,
    "pframes_ratio": 0.25,
    "psnr": 46.740309,
    "ssim": 0.989025,
    "width": 1920.0
}