{
    "aspect": 0.5607476635514018,
    "avg_bframe_qp": 22.93,
    "avg_iframe_qp": 21.5,
    "avg_pframe_qp": 20.64,
    "bframes_ratio": 0.7467,
    "bitrate": 1578.76,
    "clip_genre_count": 1,
    "clip_genre_max": "vlog",
    "dover": 0.45760775722090263,
    "dover_res_0": -0.08267395943403244,
    "dover_res_1": 0.05614246055483818,
    "fastervqa_raw": 0.17685581743717194,
    "fastervqa_score": 0.6920611816106815,
    "fps": 30.02,
    "height": 856.0,
    "iframes_ratio": 0.0033,
    "mean_avg_luminance": 94.09535217285156,
    "mean_avg_luminance_cc": 102.80995178222656,
    "mean_colorfulness": 119.80397033691406,
    "mean_colorfulness_cc": 111.72896575927734,
    "mean_musiq": 47.05359649658203,
    "mean_musiq_cc": 43.81877517700195,
    "mean_nima_a": 5.477536201477051,
    "mean_nima_a_cc": 5.856005668640137,
    "mean_nima_q": 4.766478538513184,
    "mean_nima_q_cc": 4.715439796447754,
    "mean_qalign_aesthetic": 1.6376953125,
    "mean_qalign_aesthetic_cc": 1.361328125,
    "mean_qalign_quality": 3.10546875,
    "mean_qalign_quality_cc": 2.84375,
    "mean_sharpness": 3.5072414875030518,
    "mean_sharpness_cc": 3.3429362773895264,
    "mean_si": 35.96040725708008,
    "mean_si_cc": 39.230106353759766,
    "mean_ssim_pair": 0.8231519460678101,
    "mean_ssim_pair_first": 0.8166977763175964,
    "mean_ti": 113.13337707519531,
    "mean_ti_first": 106.02403259277344,
    "mean_vila": 0.15780508518218994,
    "mean_vila_cc": 0.10573501884937286,
    "pframes_ratio": 0.25,
    "psnr": 46.731832,
    "ssim": 0.987781,
    "width": 480.0
}