{
    "aspect": 0.5625,
    "avg_bframe_qp": 23.34,
    "avg_iframe_qp": 22.0,
    "avg_pframe_qp": 21.04,
    "bframes_ratio": 0.7293,
    "bitrate": 1092.14,
    "clip_genre_count": 4,
    "clip_genre_max": "vlog",
    "dover": 0.46502929084981764,
    "dover_res_0": -0.11302733421325684,
    "dover_res_1": 0.08343727886676788,
    "fastervqa_raw": 0.13996730744838715,
    "fastervqa_score": 0.4474218579655699,
    "fps": 9.06,
    "height": 1280.0,
    "iframes_ratio": 0.0166,
    "mean_avg_luminance": 111.98031616210938,
    "mean_avg_luminance_cc": 103.69933319091797,
    "mean_colorfulness": 0.0,
    "mean_colorfulness_cc": 0.0,
    "mean_musiq": 28.185043334960938,
    "mean_musiq_cc": 23.855098724365234,
    "mean_nima_a": 5.401097774505615,
    "mean_nima_a_cc": 5.596622943878174,
    "mean_nima_q": 4.746807098388672,
    "mean_nima_q_cc": 5.1282525062561035,
    "mean_qalign_aesthetic": 1.5595703125,
    "mean_qalign_aesthetic_cc": 1.2392578125,
    "mean_qalign_quality": 2.478515625,
    "mean_qalign_quality_cc": 1.4951171875,
    "mean_sharpness": 1.2814791202545166,
    "mean_sharpness_cc": 0.873673677444458,
    "mean_si": 21.359006881713867,
    "mean_si_cc": 15.82030200958252,
    "mean_ssim_pair": 0.7123778462409973,
    "mean_ssim_pair_first": 0.6903773546218872,
    "mean_ti": 90.95099639892578,
    "mean_ti_first": 84.7783432006836,
    "mean_vila": 0.2348320335149765,
    "mean_vila_cc": 0.19536110758781433,
    "pframes_ratio": 0.2541,
    "psnr": 47.035044,
    "ssim": 0.986824,
    "width": 720.0
}