{
    "aspect": 0.5589123867069486,
    "avg_bframe_qp": 21.24,
    "avg_iframe_qp": 20.5,
    "avg_pframe_qp": 19.31,
    "bframes_ratio": 0.7483,
    "bitrate": 2305.61,
    "clip_genre_count": 4,
    "clip_genre_max": "text",
    "dover": 0.4883142296641668,
    "dover_res_0": -0.07617509365081787,
    "dover_res_1": 0.06285454332828522,
    "fastervqa_raw": 0.18233120441436768,
    "fastervqa_score": 0.723382234650757,
    "fps": 60.0,
    "height": 1324.0,
    "iframes_ratio": 0.0017,
    "mean_avg_luminance": 198.03933715820312,
    "mean_avg_luminance_cc": 195.0511474609375,
    "mean_colorfulness": 94.14191436767578,
    "mean_colorfulness_cc": 83.90827941894531,
    "mean_musiq": 56.730308532714844,
    "mean_musiq_cc": 52.02467727661133,
    "mean_nima_a": 5.769774436950684,
    "mean_nima_a_cc": 5.6857099533081055,
    "mean_nima_q": 4.689061164855957,
    "mean_nima_q_cc": 4.433520317077637,
    "mean_qalign_aesthetic": 2.341796875,
    "mean_qalign_aesthetic_cc": 2.046875,
    "mean_qalign_quality": 3.900390625,
    "mean_qalign_quality_cc": 3.26171875,
    "mean_sharpness": 86.75662994384766,
    "mean_sharpness_cc": 96.79410552978516,
    "mean_si": 109.03981018066406,
    "mean_si_cc": 110.06455993652344,
    "mean_ssim_pair": 0.7472030520439148,
    "mean_ssim_pair_first": 0.2004166841506958,
    "mean_ti": 70.52424621582031,
    "mean_ti_first": 62.21758270263672,
    "mean_vila": 0.39157524704933167,
    "mean_vila_cc": 0.3476511240005493,
    "pframes_ratio": 0.25,
    "psnr": 51.606254,
    "ssim": 0.997711,
    "width": 740.0
}