{
    "aspect": 0.5625,
    "avg_bframe_qp": 20.49,
    "avg_iframe_qp": 20.5,
    "avg_pframe_qp": 18.05,
    "bframes_ratio": 0.7462,
    "bitrate": 4221.29,
    "clip_genre_count": 1,
    "clip_genre_max": "vlog",
    "dover": 0.5555480808802057,
    "dover_res_0": -0.0885234996676445,
    "dover_res_1": 0.09892314672470093,
    "fastervqa_raw": 0.1606912910938263,
    "fastervqa_score": 0.5896285879406901,
    "fps": 29.97,
    "height": 1920.0,
    "iframes_ratio": 0.0033,
    "mean_avg_luminance": 112.05561828613281,
    "mean_avg_luminance_cc": 117.04071044921875,
    "mean_colorfulness": 72.25675964355469,
    "mean_colorfulness_cc": 51.355995178222656,
    "mean_musiq": 21.900758743286133,
    "mean_musiq_cc": 24.920183181762695,
    "mean_nima_a": 5.868289947509766,
    "mean_nima_a_cc": 5.728256702423096,
    "mean_nima_q": 4.278995513916016,
    "mean_nima_q_cc": 5.048303127288818,
    "mean_qalign_aesthetic": 1.626953125,
    "mean_qalign_aesthetic_cc": 1.2568359375,
    "mean_qalign_quality": 3.181640625,
    "mean_qalign_quality_cc": 2.240234375,
    "mean_sharpness": 0.4985000193119049,
    "mean_sharpness_cc": 0.8008735775947571,
    "mean_si": 13.940220832824707,
    "mean_si_cc": 18.324546813964844,
    "mean_ssim_pair": 0.8977306485176086,
    "mean_ssim_pair_first": 0.8680831789970398,
    "mean_ti": 109.68135070800781,
    "mean_ti_first": 99.47772216796875,
    "mean_vila": 0.124261274933815,
    "mean_vila_cc": 0.1570313274860382,
    "pframes_ratio": 0.2504,
    "psnr": 50.647878,
    "ssim": 0.993425,
    "width": 1080.0
}