{
    "aspect": 0.5625,
    "avg_bframe_qp": 24.05,
    "avg_iframe_qp": 22.0,
    "avg_pframe_qp": 22.01,
    "bframes_ratio": 0.7462,
    "bitrate": 8300.12,
    "clip_genre_count": 5,
    "clip_genre_max": "computer",
    "dover": 0.8140292988590384,
    "dover_res_0": -0.04475250467658043,
    "dover_res_1": 0.18513941764831543,
    "fastervqa_raw": 0.2133941799402237,
    "fastervqa_score": 0.8606799999765722,
    "fps": 29.85,
    "height": 1920.0,
    "iframes_ratio": 0.0033,
    "mean_avg_luminance": 118.03303527832031,
    "mean_avg_luminance_cc": 113.65262603759766,
    "mean_colorfulness": 155.842529296875,
    "mean_colorfulness_cc": 134.00714111328125,
    "mean_musiq": 44.156227111816406,
    "mean_musiq_cc": 51.9487190246582,
    "mean_nima_a": 5.523001670837402,
    "mean_nima_a_cc": 5.513321876525879,
    "mean_nima_q": 4.608027458190918,
    "mean_nima_q_cc": 4.837704658508301,
    "mean_qalign_aesthetic": 2.08984375,
    "mean_qalign_aesthetic_cc": 1.5517578125,
    "mean_qalign_quality": 3.90234375,
    "mean_qalign_quality_cc": 2.935546875,
    "mean_sharpness": 15.668108940124512,
    "mean_sharpness_cc": 30.82159423828125,
    "mean_si": 58.6353645324707,
    "mean_si_cc": 74.07405090332031,
    "mean_ssim_pair": 0.8213815689086914,
    "mean_ssim_pair_first": 0.6065443754196167,
    "mean_ti": 95.97636413574219,
    "mean_ti_first": 90.70378875732422,
    "mean_vila": 0.33048132061958313,
    "mean_vila_cc": 0.27904751896858215,
    "pframes_ratio": 0.2504,
    "psnr": 43.646628,
    "ssim": 0.987014,
    "width": 1080.0
}