{
    "aspect": 0.4864864864864865,
    "avg_bframe_qp": 21.08,
    "avg_iframe_qp": 21.0,
    "avg_pframe_qp": 19.11,
    "bframes_ratio": 0.7469,
    "bitrate": 4383.48,
    "clip_genre_count": 1,
    "clip_genre_max": "blocky",
    "dover": 0.6715435291872152,
    "dover_res_0": -0.061998702585697174,
    "dover_res_1": 0.125264510512352,
    "fastervqa_raw": 0.19164851307868958,
    "fastervqa_score": 0.7719142376881005,
    "fps": 37.4,
    "height": 2220.0,
    "iframes_ratio": 0.0028,
    "mean_avg_luminance": 108.48155212402344,
    "mean_avg_luminance_cc": 121.76663970947266,
    "mean_colorfulness": 163.0874481201172,
    "mean_colorfulness_cc": 151.28045654296875,
    "mean_musiq": 42.09122848510742,
    "mean_musiq_cc": 38.65656661987305,
    "mean_nima_a": 5.128693580627441,
    "mean_nima_a_cc": 5.586306095123291,
    "mean_nima_q": 4.330308437347412,
    "mean_nima_q_cc": 4.7778472900390625,
    "mean_qalign_aesthetic": 2.880859375,
    "mean_qalign_aesthetic_cc": 1.7392578125,
    "mean_qalign_quality": 4.1328125,
    "mean_qalign_quality_cc": 2.83203125,
    "mean_sharpness": 22.373043060302734,
    "mean_sharpness_cc": 14.293293952941895,
    "mean_si": 80.60309600830078,
    "mean_si_cc": 55.7529182434082,
    "mean_ssim_pair": 0.934303879737854,
    "mean_ssim_pair_first": 0.909471869468689,
    "mean_ti": 83.64491271972656,
    "mean_ti_first": 84.4643325805664,
    "mean_vila": 0.38106030225753784,
    "mean_vila_cc": 0.3283349275588989,
    "pframes_ratio": 0.2503,
    "psnr": 46.116239,
    "ssim": 0.986092,
    "width": 1080.0
}