{
    "aspect": 1.7777777777777777,
    "avg_bframe_qp": 28.74,
    "avg_iframe_qp": 24.0,
    "avg_pframe_qp": 24.06,
    "bframes_ratio": 0.7455,
    "bitrate": 24104.93,
    "clip_genre_count": 6,
    "clip_genre_max": "people",
    "dover": 0.3726592516079191,
    "dover_res_0": -0.14652706682682037,
    "dover_res_1": 0.07348930090665817,
    "fastervqa_raw": 0.1516161859035492,
    "fastervqa_score": 0.5277919237646095,
    "fps": 25.0,
    "height": 2160.0,
    "iframes_ratio": 0.004,
    "mean_avg_luminance": 107.32585144042969,
    "mean_avg_luminance_cc": 98.40528869628906,
    "mean_colorfulness": 114.69129943847656,
    "mean_colorfulness_cc": 101.78008270263672,
    "mean_musiq": 22.127973556518555,
    "mean_musiq_cc": 27.006179809570312,
    "mean_nima_a": 5.444125652313232,
    "mean_nima_a_cc": 5.4868035316467285,
    "mean_nima_q": 4.693717002868652,
    "mean_nima_q_cc": 4.783468246459961,
    "mean_qalign_aesthetic": 2.15625,
    "mean_qalign_aesthetic_cc": 1.4365234375,
    "mean_qalign_quality": 3.5,
    "mean_qalign_quality_cc": 1.998046875,
    "mean_sharpness": 6.652520656585693,
    "mean_sharpness_cc": 7.917986869812012,
    "mean_si": 36.94202423095703,
    "mean_si_cc": 37.44335174560547,
    "mean_ssim_pair": 0.5191681981086731,
    "mean_ssim_pair_first": 0.5581172704696655,
    "mean_ti": 76.14247131347656,
    "mean_ti_first": 66.84300231933594,
    "mean_vila": 0.3276746869087219,
    "mean_vila_cc": 0.2750508785247803,
    "pframes_ratio": 0.2505,
    "psnr": 41.730039,
    "ssim": 0.961848,
    "width": 3840.0
}