{
    "aspect": 1.7777777777777777,
    "avg_bframe_qp": 37.05,
    "avg_iframe_qp": 24.0,
    "avg_pframe_qp": 31.77,
    "bframes_ratio": 0.7455,
    "bitrate": 23823.6,
    "clip_genre_count": 5,
    "clip_genre_max": "news",
    "dover": 0.44624668925843786,
    "dover_res_0": -0.1347704380750656,
    "dover_res_1": 0.09358065575361252,
    "fastervqa_raw": 0.11976011842489243,
    "fastervqa_score": 0.31641115612756265,
    "fps": 25.0,
    "height": 2160.0,
    "iframes_ratio": 0.004,
    "mean_avg_luminance": 99.85078430175781,
    "mean_avg_luminance_cc": 89.9782485961914,
    "mean_colorfulness": 155.58877563476562,
    "mean_colorfulness_cc": 143.68179321289062,
    "mean_musiq": 27.316476821899414,
    "mean_musiq_cc": 45.91200637817383,
    "mean_nima_a": 5.464898586273193,
    "mean_nima_a_cc": 5.613544464111328,
    "mean_nima_q": 4.8227338790893555,
    "mean_nima_q_cc": 5.02561092376709,
    "mean_qalign_aesthetic": 1.958984375,
    "mean_qalign_aesthetic_cc": 1.12109375,
    "mean_qalign_quality": 3.671875,
    "mean_qalign_quality_cc": 1.712890625,
    "mean_sharpness": 32.837486267089844,
    "mean_sharpness_cc": 47.030784606933594,
    "mean_si": 73.21410369873047,
    "mean_si_cc": 79.24345397949219,
    "mean_ssim_pair": 0.38720741868019104,
    "mean_ssim_pair_first": 0.3750375509262085,
    "mean_ti": 83.72917175292969,
    "mean_ti_first": 68.0645523071289,
    "mean_vila": 0.27997034788131714,
    "mean_vila_cc": 0.23403537273406982,
    "pframes_ratio": 0.2505,
    "psnr": 33.865169,
    "ssim": 0.947089,
    "width": 3840.0
}