{
    "aspect": 1.7777777777777777,
    "avg_bframe_qp": 27.54,
    "avg_iframe_qp": 23.0,
    "avg_pframe_qp": 22.64,
    "bframes_ratio": 0.7458,
    "bitrate": 18248.75,
    "clip_genre_count": 3,
    "clip_genre_max": "music",
    "dover": 0.32453759803313076,
    "dover_res_0": -0.13102008402347565,
    "dover_res_1": 0.040470194071531296,
    "fastervqa_raw": 0.09782368689775467,
    "fastervqa_score": 0.20142834139146373,
    "fps": 23.98,
    "height": 2160.0,
    "iframes_ratio": 0.0042,
    "mean_avg_luminance": 49.059574127197266,
    "mean_avg_luminance_cc": 72.21183776855469,
    "mean_colorfulness": 101.33474731445312,
    "mean_colorfulness_cc": 106.5375747680664,
    "mean_musiq": 21.74582290649414,
    "mean_musiq_cc": 23.29698944091797,
    "mean_nima_a": 4.87840461730957,
    "mean_nima_a_cc": 5.220097541809082,
    "mean_nima_q": 4.168245792388916,
    "mean_nima_q_cc": 4.729628562927246,
    "mean_qalign_aesthetic": 2.19921875,
    "mean_qalign_aesthetic_cc": 1.185546875,
    "mean_qalign_quality": 2.728515625,
    "mean_qalign_quality_cc": 1.3544921875,
    "mean_sharpness": 7.609046936035156,
    "mean_sharpness_cc": 8.854940414428711,
    "mean_si": 23.496845245361328,
    "mean_si_cc": 22.869354248046875,
    "mean_ssim_pair": 0.6969184875488281,
    "mean_ssim_pair_first": 0.686025857925415,
    "mean_ti": 90.68802642822266,
    "mean_ti_first": 88.79685974121094,
    "mean_vila": 0.3897938132286072,
    "mean_vila_cc": 0.2813192903995514,
    "pframes_ratio": 0.25,
    "psnr": 42.218617,
    "ssim": 0.96372,
    "width": 3840.0
}