{
    "aspect": 1.7777777777777777,
    "avg_bframe_qp": 30.54,
    "avg_iframe_qp": 23.5,
    "avg_pframe_qp": 28.35,
    "bframes_ratio": 0.7453,
    "bitrate": 5370.47,
    "clip_genre_count": 2,
    "clip_genre_max": "vlog",
    "dover": 0.6355661333674781,
    "dover_res_0": -0.07637102901935577,
    "dover_res_1": 0.12141632288694382,
    "fastervqa_raw": 0.18614669144153595,
    "fastervqa_score": 0.7440054696408811,
    "fps": 23.98,
    "height": 720.0,
    "iframes_ratio": 0.0042,
    "mean_avg_luminance": 123.5005111694336,
    "mean_avg_luminance_cc": 122.0448226928711,
    "mean_colorfulness": 61.7007942199707,
    "mean_colorfulness_cc": 46.61737823486328,
    "mean_musiq": 61.781707763671875,
    "mean_musiq_cc": 62.57590866088867,
    "mean_nima_a": 5.3538384437561035,
    "mean_nima_a_cc": 5.602867603302002,
    "mean_nima_q": 4.854701995849609,
    "mean_nima_q_cc": 4.793117523193359,
    "mean_qalign_aesthetic": 2.12890625,
    "mean_qalign_aesthetic_cc": 1.869140625,
    "mean_qalign_quality": 3.73046875,
    "mean_qalign_quality_cc": 3.33984375,
    "mean_sharpness": 178.07620239257812,
    "mean_sharpness_cc": 206.43325805664062,
    "mean_si": 116.3187484741211,
    "mean_si_cc": 114.97474670410156,
    "mean_ssim_pair": 0.15587815642356873,
    "mean_ssim_pair_first": 0.18394353985786438,
    "mean_ti": 84.24158477783203,
    "mean_ti_first": 65.23495483398438,
    "mean_vila": 0.3126482367515564,
    "mean_vila_cc": 0.22792497277259827,
    "pframes_ratio": 0.2505,
    "psnr": 35.194193,
    "ssim": 0.966965,
    "width": 1280.0
}