{
    "aspect": 1.7777777777777777,
    "avg_bframe_qp": 34.04,
    "avg_iframe_qp": 24.0,
    "avg_pframe_qp": 26.71,
    "bframes_ratio": 0.7467,
    "bitrate": 24025.5,
    "clip_genre_count": 3,
    "clip_genre_max": "unsharp",
    "dover": 0.7307962565228495,
    "dover_res_0": -0.053856708109378815,
    "dover_res_1": 0.1461804062128067,
    "fastervqa_raw": 0.18375399708747864,
    "fastervqa_score": 0.7311914683617189,
    "fps": 29.97,
    "height": 2160.0,
    "iframes_ratio": 0.0033,
    "mean_avg_luminance": 115.72298431396484,
    "mean_avg_luminance_cc": 114.3470230102539,
    "mean_colorfulness": 124.46907806396484,
    "mean_colorfulness_cc": 101.28032684326172,
    "mean_musiq": 27.6751651763916,
    "mean_musiq_cc": 43.45397186279297,
    "mean_nima_a": 5.255717754364014,
    "mean_nima_a_cc": 5.27487850189209,
    "mean_nima_q": 4.709833145141602,
    "mean_nima_q_cc": 4.800878524780273,
    "mean_qalign_aesthetic": 1.734375,
    "mean_qalign_aesthetic_cc": 1.306640625,
    "mean_qalign_quality": 4.09375,
    "mean_qalign_quality_cc": 2.544921875,
    "mean_sharpness": 27.42034339904785,
    "mean_sharpness_cc": 36.696250915527344,
    "mean_si": 74.63496398925781,
    "mean_si_cc": 76.94586181640625,
    "mean_ssim_pair": 0.3255629539489746,
    "mean_ssim_pair_first": 0.2582380175590515,
    "mean_ti": 90.66340637207031,
    "mean_ti_first": 80.84651184082031,
    "mean_vila": 0.22111256420612335,
    "mean_vila_cc": 0.21119773387908936,
    "pframes_ratio": 0.25,
    "psnr": 38.141824,
    "ssim": 0.97054,
    "width": 3840.0
}