{
    "aspect": 1.7777777777777777,
    "avg_bframe_qp": 33.14,
    "avg_iframe_qp": 24.0,
    "avg_pframe_qp": 29.19,
    "bframes_ratio": 0.7467,
    "bitrate": 10281.5,
    "clip_genre_count": 5,
    "clip_genre_max": "vlog",
    "dover": 0.7999007079645951,
    "dover_res_0": -0.04751941189169884,
    "dover_res_1": 0.1785745918750763,
    "fastervqa_raw": 0.24355459213256836,
    "fastervqa_score": 0.9343565122916634,
    "fps": 30.0,
    "height": 1080.0,
    "iframes_ratio": 0.0033,
    "mean_avg_luminance": 114.4577407836914,
    "mean_avg_luminance_cc": 112.16483306884766,
    "mean_colorfulness": 120.66951751708984,
    "mean_colorfulness_cc": 97.22591400146484,
    "mean_musiq": 56.936866760253906,
    "mean_musiq_cc": 53.17559051513672,
    "mean_nima_a": 5.157135963439941,
    "mean_nima_a_cc": 5.411521911621094,
    "mean_nima_q": 4.683226108551025,
    "mean_nima_q_cc": 4.986378192901611,
    "mean_qalign_aesthetic": 2.08203125,
    "mean_qalign_aesthetic_cc": 1.5322265625,
    "mean_qalign_quality": 4.10546875,
    "mean_qalign_quality_cc": 2.87890625,
    "mean_sharpness": 97.78871154785156,
    "mean_sharpness_cc": 93.70782470703125,
    "mean_si": 90.03556823730469,
    "mean_si_cc": 83.95970153808594,
    "mean_ssim_pair": 0.3659457564353943,
    "mean_ssim_pair_first": 0.16300621628761292,
    "mean_ti": 90.01939392089844,
    "mean_ti_first": 70.98677062988281,
    "mean_vila": 0.32465606927871704,
    "mean_vila_cc": 0.25234630703926086,
    "pframes_ratio": 0.25,
    "psnr": 29.845409,
    "ssim": 0.915082,
    "width": 1920.0
}