{
    "aspect": 1.7777777777777777,
    "avg_bframe_qp": 29.66,
    "avg_iframe_qp": 24.5,
    "avg_pframe_qp": 25.8,
    "bframes_ratio": 0.7455,
    "bitrate": 22024.63,
    "clip_genre_count": 7,
    "clip_genre_max": "vlog",
    "dover": 0.5786529316601646,
    "dover_res_0": -0.08940189331769943,
    "dover_res_1": 0.10874781012535095,
    "fastervqa_raw": 0.1918480545282364,
    "fastervqa_score": 0.7728850277645772,
    "fps": 25.0,
    "height": 2160.0,
    "iframes_ratio": 0.004,
    "mean_avg_luminance": 104.69124603271484,
    "mean_avg_luminance_cc": 113.6104507446289,
    "mean_colorfulness": 138.97137451171875,
    "mean_colorfulness_cc": 111.13021087646484,
    "mean_musiq": 23.425207138061523,
    "mean_musiq_cc": 32.864891052246094,
    "mean_nima_a": 5.46314811706543,
    "mean_nima_a_cc": 5.421889305114746,
    "mean_nima_q": 4.817887306213379,
    "mean_nima_q_cc": 4.878056049346924,
    "mean_qalign_aesthetic": 2.08203125,
    "mean_qalign_aesthetic_cc": 1.515625,
    "mean_qalign_quality": 3.138671875,
    "mean_qalign_quality_cc": 2.08984375,
    "mean_sharpness": 14.493680000305176,
    "mean_sharpness_cc": 30.567373275756836,
    "mean_si": 37.26508331298828,
    "mean_si_cc": 44.39714431762695,
    "mean_ssim_pair": 0.5214685797691345,
    "mean_ssim_pair_first": 0.5423524379730225,
    "mean_ti": 84.43687438964844,
    "mean_ti_first": 70.2872543334961,
    "mean_vila": 0.4025443494319916,
    "mean_vila_cc": 0.3310377895832062,
    "pframes_ratio": 0.2505,
    "psnr": 38.637376,
    "ssim": 0.962627,
    "width": 3840.0
}