{
    "aspect": 1.7777777777777777,
    "avg_bframe_qp": 28.93,
    "avg_iframe_qp": 24.5,
    "avg_pframe_qp": 25.56,
    "bframes_ratio": 0.744,
    "bitrate": 7721.08,
    "clip_genre_count": 1,
    "clip_genre_max": "vlog",
    "dover": 0.7763416757073971,
    "dover_res_0": -0.051938049495220184,
    "dover_res_1": 0.16844892501831055,
    "fastervqa_raw": 0.20720544457435608,
    "fastervqa_score": 0.8388477954004567,
    "fps": 25.0,
    "height": 1080.0,
    "iframes_ratio": 0.004,
    "mean_avg_luminance": 69.5695571899414,
    "mean_avg_luminance_cc": 64.00407409667969,
    "mean_colorfulness": 118.7557144165039,
    "mean_colorfulness_cc": 118.37336730957031,
    "mean_musiq": 54.18748092651367,
    "mean_musiq_cc": 53.0159797668457,
    "mean_nima_a": 5.5432024002075195,
    "mean_nima_a_cc": 5.468203544616699,
    "mean_nima_q": 5.094602584838867,
    "mean_nima_q_cc": 4.913296699523926,
    "mean_qalign_aesthetic": 2.7421875,
    "mean_qalign_aesthetic_cc": 1.763671875,
    "mean_qalign_quality": 4.4765625,
    "mean_qalign_quality_cc": 3.27734375,
    "mean_sharpness": 75.35526275634766,
    "mean_sharpness_cc": 73.0933609008789,
    "mean_si": 103.6319808959961,
    "mean_si_cc": 96.73899841308594,
    "mean_ssim_pair": 0.5375606417655945,
    "mean_ssim_pair_first": 0.48155102133750916,
    "mean_ti": 84.3620834350586,
    "mean_ti_first": 78.81419372558594,
    "mean_vila": 0.4336110055446625,
    "mean_vila_cc": 0.34926778078079224,
    "pframes_ratio": 0.252,
    "psnr": 36.725324,
    "ssim": 0.976714,
    "width": 1920.0
}