{
    "aspect": 1.7777777777777777,
    "avg_bframe_qp": 26.93,
    "avg_iframe_qp": 24.5,
    "avg_pframe_qp": 25.0,
    "bframes_ratio": 0.744,
    "bitrate": 4100.28,
    "clip_genre_count": 4,
    "clip_genre_max": "vlog",
    "dover": 0.7482907172945303,
    "dover_res_0": -0.06323018670082092,
    "dover_res_1": 0.1625165343284607,
    "fastervqa_raw": 0.2012721747159958,
    "fastervqa_score": 0.8153989506034429,
    "fps": 25.0,
    "height": 720.0,
    "iframes_ratio": 0.004,
    "mean_avg_luminance": 118.5575942993164,
    "mean_avg_luminance_cc": 117.00113677978516,
    "mean_colorfulness": 120.97196197509766,
    "mean_colorfulness_cc": 102.6419906616211,
    "mean_musiq": 65.00431823730469,
    "mean_musiq_cc": 65.36348724365234,
    "mean_nima_a": 5.525502681732178,
    "mean_nima_a_cc": 5.629133701324463,
    "mean_nima_q": 4.4607672691345215,
    "mean_nima_q_cc": 4.526091575622559,
    "mean_qalign_aesthetic": 2.875,
    "mean_qalign_aesthetic_cc": 2.392578125,
    "mean_qalign_quality": 4.484375,
    "mean_qalign_quality_cc": 3.86328125,
    "mean_sharpness": 114.33192443847656,
    "mean_sharpness_cc": 138.63046264648438,
    "mean_si": 102.31266784667969,
    "mean_si_cc": 109.39326477050781,
    "mean_ssim_pair": 0.32203301787376404,
    "mean_ssim_pair_first": 0.3209533095359802,
    "mean_ti": 86.86982727050781,
    "mean_ti_first": 69.95926666259766,
    "mean_vila": 0.4207817614078522,
    "mean_vila_cc": 0.36094754934310913,
    "pframes_ratio": 0.252,
    "psnr": 38.559276,
    "ssim": 0.974664,
    "width": 1280.0
}