{
    "aspect": 1.7777777777777777,
    "avg_bframe_qp": 27.85,
    "avg_iframe_qp": 25.5,
    "avg_pframe_qp": 25.55,
    "bframes_ratio": 0.7467,
    "bitrate": 4602.92,
    "clip_genre_count": 2,
    "clip_genre_max": "vlog",
    "dover": 0.45199647643274055,
    "dover_res_0": -0.09310894459486008,
    "dover_res_1": 0.06233922764658928,
    "fastervqa_raw": 0.11358362436294556,
    "fastervqa_score": 0.28064898644662106,
    "fps": 30.0,
    "height": 720.0,
    "iframes_ratio": 0.0033,
    "mean_avg_luminance": 106.16886901855469,
    "mean_avg_luminance_cc": 110.00859069824219,
    "mean_colorfulness": 165.2961883544922,
    "mean_colorfulness_cc": 163.76217651367188,
    "mean_musiq": 37.245880126953125,
    "mean_musiq_cc": 37.27220153808594,
    "mean_nima_a": 5.372673988342285,
    "mean_nima_a_cc": 5.586134910583496,
    "mean_nima_q": 4.625678062438965,
    "mean_nima_q_cc": 4.7958760261535645,
    "mean_qalign_aesthetic": 1.767578125,
    "mean_qalign_aesthetic_cc": 1.373046875,
    "mean_qalign_quality": 3.11328125,
    "mean_qalign_quality_cc": 2.341796875,
    "mean_sharpness": 137.2759246826172,
    "mean_sharpness_cc": 160.95521545410156,
    "mean_si": 120.2004623413086,
    "mean_si_cc": 120.41902923583984,
    "mean_ssim_pair": 0.43276238441467285,
    "mean_ssim_pair_first": 0.2039380818605423,
    "mean_ti": 67.67296600341797,
    "mean_ti_first": 74.61003112792969,
    "mean_vila": 0.29512253403663635,
    "mean_vila_cc": 0.18990537524223328,
    "pframes_ratio": 0.25,
    "psnr": 37.720981,
    "ssim": 0.97622,
    "width": 1280.0
}