{
    "aspect": 1.0,
    "avg_bframe_qp": 30.61,
    "avg_iframe_qp": 24.0,
    "avg_pframe_qp": 27.75,
    "bframes_ratio": 0.7483,
    "bitrate": 14247.5,
    "clip_genre_count": 2,
    "clip_genre_max": "vr",
    "dover": 0.6866071556369046,
    "dover_res_0": -0.04448452219367027,
    "dover_res_1": 0.11788100004196167,
    "fastervqa_raw": 0.1521374136209488,
    "fastervqa_score": 0.5313854412885396,
    "fps": 60.0,
    "height": 1088.0,
    "iframes_ratio": 0.0017,
    "mean_avg_luminance": 105.35343933105469,
    "mean_avg_luminance_cc": 146.3619384765625,
    "mean_colorfulness": 144.04891967773438,
    "mean_colorfulness_cc": 141.43283081054688,
    "mean_musiq": 57.60601806640625,
    "mean_musiq_cc": 54.375152587890625,
    "mean_nima_a": 5.151963233947754,
    "mean_nima_a_cc": 5.4340715408325195,
    "mean_nima_q": 5.188361167907715,
    "mean_nima_q_cc": 4.827019214630127,
    "mean_qalign_aesthetic": 2.498046875,
    "mean_qalign_aesthetic_cc": 1.6064453125,
    "mean_qalign_quality": 3.150390625,
    "mean_qalign_quality_cc": 2.123046875,
    "mean_sharpness": 165.92958068847656,
    "mean_sharpness_cc": 254.6079864501953,
    "mean_si": 93.69052124023438,
    "mean_si_cc": 94.51725769042969,
    "mean_ssim_pair": 0.5205644369125366,
    "mean_ssim_pair_first": 0.41938304901123047,
    "mean_ti": 90.45344543457031,
    "mean_ti_first": 81.72096252441406,
    "mean_vila": 0.41186636686325073,
    "mean_vila_cc": 0.29134315252304077,
    "pframes_ratio": 0.25,
    "psnr": 36.337601,
    "ssim": 0.960256,
    "width": 1088.0
}