{
    "aspect": 1.5,
    "avg_bframe_qp": 20.22,
    "avg_iframe_qp": 20.5,
    "avg_pframe_qp": 18.89,
    "bframes_ratio": 0.7467,
    "bitrate": 247.27,
    "clip_genre_count": 2,
    "clip_genre_max": "text",
    "dover": 0.11879293767316446,
    "dover_res_0": -0.17191535234451294,
    "dover_res_1": -0.04976482689380646,
    "fastervqa_raw": 0.06529588252305984,
    "fastervqa_score": 0.09299709154949083,
    "fps": 29.97,
    "height": 480.0,
    "iframes_ratio": 0.0033,
    "mean_avg_luminance": 58.78435516357422,
    "mean_avg_luminance_cc": 112.44937896728516,
    "mean_colorfulness": 93.55497741699219,
    "mean_colorfulness_cc": 115.1639633178711,
    "mean_musiq": 29.387664794921875,
    "mean_musiq_cc": 26.574092864990234,
    "mean_nima_a": 4.824320316314697,
    "mean_nima_a_cc": 5.6376543045043945,
    "mean_nima_q": 4.492260456085205,
    "mean_nima_q_cc": 4.189326763153076,
    "mean_qalign_aesthetic": 1.3271484375,
    "mean_qalign_aesthetic_cc": 1.236328125,
    "mean_qalign_quality": 1.9326171875,
    "mean_qalign_quality_cc": 1.783203125,
    "mean_sharpness": 19.376691818237305,
    "mean_sharpness_cc": 36.717628479003906,
    "mean_si": 71.41719818115234,
    "mean_si_cc": 89.0367431640625,
    "mean_ssim_pair": 0.7999396920204163,
    "mean_ssim_pair_first": 0.46228694915771484,
    "mean_ti": 49.591773986816406,
    "mean_ti_first": 69.81626892089844,
    "mean_vila": 0.14530375599861145,
    "mean_vila_cc": 0.13798150420188904,
    "pframes_ratio": 0.25,
    "psnr": 51.587085,
    "ssim": 0.996744,
    "width": 720.0
}