{
    "aspect": 1.7777777777777777,
    "avg_bframe_qp": 40.67,
    "avg_iframe_qp": 30.0,
    "avg_pframe_qp": 35.27,
    "bframes_ratio": 0.7467,
    "bitrate": 23780.51,
    "clip_genre_count": 3,
    "clip_genre_max": "vlog",
    "dover": 0.5712191155952568,
    "dover_res_0": -0.11760105192661285,
    "dover_res_1": 0.12847112119197845,
    "fastervqa_raw": 0.14774341881275177,
    "fastervqa_score": 0.5010265018346864,
    "fps": 30.0,
    "height": 2160.0,
    "iframes_ratio": 0.0033,
    "mean_avg_luminance": 134.92584228515625,
    "mean_avg_luminance_cc": 138.474365234375,
    "mean_colorfulness": 151.67694091796875,
    "mean_colorfulness_cc": 138.93687438964844,
    "mean_musiq": 28.873865127563477,
    "mean_musiq_cc": 45.388240814208984,
    "mean_nima_a": 5.239387512207031,
    "mean_nima_a_cc": 5.476901054382324,
    "mean_nima_q": 4.7274370193481445,
    "mean_nima_q_cc": 4.5461859703063965,
    "mean_qalign_aesthetic": 2.19140625,
    "mean_qalign_aesthetic_cc": 1.322265625,
    "mean_qalign_quality": 3.734375,
    "mean_qalign_quality_cc": 2.15234375,
    "mean_sharpness": 73.99626159667969,
    "mean_sharpness_cc": 94.7421646118164,
    "mean_si": 102.68669128417969,
    "mean_si_cc": 109.71574401855469,
    "mean_ssim_pair": 0.40799862146377563,
    "mean_ssim_pair_first": 0.4852515161037445,
    "mean_ti": 84.0611801147461,
    "mean_ti_first": 73.25353240966797,
    "mean_vila": 0.3107336163520813,
    "mean_vila_cc": 0.2537100911140442,
    "pframes_ratio": 0.25,
    "psnr": 29.319509,
    "ssim": 0.909873,
    "width": 3840.0
}