{
    "aspect": 1.3333333333333333,
    "avg_bframe_qp": 26.93,
    "avg_iframe_qp": 23.5,
    "avg_pframe_qp": 24.65,
    "bframes_ratio": 0.7462,
    "bitrate": 1599.97,
    "clip_genre_count": 5,
    "clip_genre_max": "vlog",
    "dover": 0.052062720834195844,
    "dover_res_0": -0.20557701587677002,
    "dover_res_1": -0.10968448221683502,
    "fastervqa_raw": 0.08040574938058853,
    "fastervqa_score": 0.13477050399546345,
    "fps": 29.97,
    "height": 480.0,
    "iframes_ratio": 0.0033,
    "mean_avg_luminance": 157.58493041992188,
    "mean_avg_luminance_cc": 161.8326416015625,
    "mean_colorfulness": 65.41333770751953,
    "mean_colorfulness_cc": 56.577972412109375,
    "mean_musiq": 23.528717041015625,
    "mean_musiq_cc": 23.56101417541504,
    "mean_nima_a": 5.590718746185303,
    "mean_nima_a_cc": 5.608321189880371,
    "mean_nima_q": 4.600633144378662,
    "mean_nima_q_cc": 4.533493995666504,
    "mean_qalign_aesthetic": 1.138671875,
    "mean_qalign_aesthetic_cc": 1.099609375,
    "mean_qalign_quality": 1.625,
    "mean_qalign_quality_cc": 1.5244140625,
    "mean_sharpness": 6.362748622894287,
    "mean_sharpness_cc": 3.958928346633911,
    "mean_si": 56.93971633911133,
    "mean_si_cc": 46.845882415771484,
    "mean_ssim_pair": 0.457256019115448,
    "mean_ssim_pair_first": 0.49101704359054565,
    "mean_ti": 80.61165618896484,
    "mean_ti_first": 62.6533088684082,
    "mean_vila": 0.11509035527706146,
    "mean_vila_cc": 0.08603819459676743,
    "pframes_ratio": 0.2504,
    "psnr": 42.118284,
    "ssim": 0.975623,
    "width": 640.0
}