{
    "aspect": 1.3333333333333333,
    "avg_bframe_qp": 29.93,
    "avg_iframe_qp": 24.0,
    "avg_pframe_qp": 27.73,
    "bframes_ratio": 0.7467,
    "bitrate": 2022.44,
    "clip_genre_count": 3,
    "clip_genre_max": "vlog",
    "dover": 0.7751085848069358,
    "dover_res_0": -0.05819426849484444,
    "dover_res_1": 0.17279186844825745,
    "fastervqa_raw": 0.18252378702163696,
    "fastervqa_score": 0.7244474193414363,
    "fps": 30.0,
    "height": 480.0,
    "iframes_ratio": 0.0033,
    "mean_avg_luminance": 198.1714324951172,
    "mean_avg_luminance_cc": 196.611083984375,
    "mean_colorfulness": 143.44119262695312,
    "mean_colorfulness_cc": 142.15975952148438,
    "mean_musiq": 60.59015655517578,
    "mean_musiq_cc": 58.466835021972656,
    "mean_nima_a": 5.726109504699707,
    "mean_nima_a_cc": 5.4533772468566895,
    "mean_nima_q": 5.0258026123046875,
    "mean_nima_q_cc": 4.935882568359375,
    "mean_qalign_aesthetic": 2.61328125,
    "mean_qalign_aesthetic_cc": 2.23828125,
    "mean_qalign_quality": 3.97265625,
    "mean_qalign_quality_cc": 3.677734375,
    "mean_sharpness": 95.02725219726562,
    "mean_sharpness_cc": 118.00349426269531,
    "mean_si": 72.5387191772461,
    "mean_si_cc": 67.59742736816406,
    "mean_ssim_pair": 0.3290391266345978,
    "mean_ssim_pair_first": 0.3744125962257385,
    "mean_ti": 95.34175872802734,
    "mean_ti_first": 79.77235412597656,
    "mean_vila": 0.5084176063537598,
    "mean_vila_cc": 0.23564577102661133,
    "pframes_ratio": 0.25,
    "psnr": 35.956377,
    "ssim": 0.939236,
    "width": 640.0
}